-- phpMyAdmin SQL Dump
-- version 4.9.5deb2
-- https://www.phpmyadmin.net/
--
-- Servidor: localhost:3306
-- Tiempo de generación: 09-05-2022 a las 08:22:45
-- Versión del servidor: 8.0.28-0ubuntu0.20.04.3
-- Versión de PHP: 7.4.3

SET SQL_MODE = "NO_AUTO_VALUE_ON_ZERO";
SET AUTOCOMMIT = 0;
START TRANSACTION;
SET time_zone = "+00:00";


/*!40101 SET @OLD_CHARACTER_SET_CLIENT=@@CHARACTER_SET_CLIENT */;
/*!40101 SET @OLD_CHARACTER_SET_RESULTS=@@CHARACTER_SET_RESULTS */;
/*!40101 SET @OLD_COLLATION_CONNECTION=@@COLLATION_CONNECTION */;
/*!40101 SET NAMES utf8mb4 */;

--
-- Base de datos: `tpfinal_bd`
--

-- --------------------------------------------------------

--
-- Estructura de tabla para la tabla `address`
--

CREATE TABLE `address` (
  `id_address` bigint NOT NULL,
  `address` varchar(500) DEFAULT NULL,
  `apartment` varchar(500) DEFAULT NULL,
  `coord_x` float NOT NULL,
  `coord_y` float NOT NULL,
  `description` varchar(500) DEFAULT NULL,
  `name` varchar(500) DEFAULT NULL,
  `version` int DEFAULT NULL,
  `id_client` bigint NOT NULL
) ENGINE=InnoDB DEFAULT CHARSET=utf8mb3;

--
-- Volcado de datos para la tabla `address`
--

INSERT INTO `address` (`id_address`, `address`, `apartment`, `coord_x`, `coord_y`, `description`, `name`, `version`, `id_client`) VALUES
(51, 'Calle 50 394', '4', 0, 0, 'La Office', 'Trabajo', 0, 38),
(52, 'Calle 60 3194', '0', 0, 0, 'Tranquilidad', 'Casa', 0, 41),
(432, '585-3501 Feugiat. Street', NULL, 0, 0, 'mauris. Morbi non', 'Lysandra', 0, 392),
(433, '2890 Urna. Street', NULL, 0, 0, 'lectus quis', 'Tallulah', 0, 381),
(434, 'Ap #328-4408 In, Street', NULL, 0, 0, 'Duis elementum, dui', 'Yen', 0, 395),
(435, '758-1197 Adipiscing Avenue', NULL, 0, 0, 'erat volutpat. Nulla', 'Kennan', 0, 391),
(436, 'Ap #505-5000 Proin Avenue', NULL, 0, 0, 'Quisque porttitor eros', 'Xenos', 0, 390),
(437, '921-4013 Felis St.', NULL, 0, 0, 'gravida sit amet,', 'Jacob', 0, 409),
(438, '7212 Risus. Av.', NULL, 0, 0, 'dolor sit amet,', 'Branden', 0, 408),
(439, '795-8032 Arcu. Street', NULL, 0, 0, 'sed, facilisis vitae,', 'Ciaran', 0, 395),
(440, 'Ap #961-5966 Sapien, Street', NULL, 0, 0, 'Nunc quis', 'Keith', 0, 382),
(441, '721-3981 Duis Av.', NULL, 0, 0, 'ut, sem.', 'Xaviera', 0, 399),
(442, '582-8608 Donec Av.', NULL, 0, 0, 'metus facilisis lorem', 'Jennifer', 0, 394),
(443, '325-8665 Nulla St.', NULL, 0, 0, 'Lorem ipsum', 'Camilla', 0, 397),
(444, 'P.O. Box 804, 5942 Vehicula Avenue', NULL, 0, 0, 'nibh lacinia', 'Keegan', 0, 380),
(445, 'P.O. Box 866, 4607 Est, Road', NULL, 0, 0, 'egestas. Aliquam', 'Cruz', 0, 389),
(446, '8411 Augue. Av.', NULL, 0, 0, 'aliquet, sem ut', 'Roth', 0, 395),
(447, '661-6687 Eu St.', NULL, 0, 0, 'sem egestas', 'Wyatt', 0, 405),
(448, '272-8194 Suspendisse Rd.', NULL, 0, 0, 'ridiculus mus.', 'Hayden', 0, 369),
(449, 'Ap #586-6007 Porttitor Rd.', NULL, 0, 0, 'lorem vitae', 'Mikayla', 0, 377),
(450, '446-254 Erat Road', NULL, 0, 0, 'neque et nunc.', 'Branden', 0, 375),
(451, 'Ap #555-9964 A Rd.', NULL, 0, 0, 'enim. Mauris', 'Simon', 0, 398),
(452, '606-272 Pede St.', NULL, 0, 0, 'non, bibendum sed,', 'Wang', 0, 386),
(453, 'P.O. Box 465, 3295 Leo. Road', NULL, 0, 0, 'gravida sit', 'Beau', 0, 411),
(454, 'Ap #904-9918 Elementum, Rd.', NULL, 0, 0, 'lobortis tellus justo', 'Kai', 0, 400),
(455, '9748 Ut, Rd.', NULL, 0, 0, 'amet, risus. Donec', 'Thor', 0, 395),
(456, '150-6911 Eleifend Street', NULL, 0, 0, 'Aliquam adipiscing lobortis', 'Karina', 0, 373),
(457, '5943 Sagittis Ave', NULL, 0, 0, 'vitae dolor. Donec', 'Nehru', 0, 372),
(458, 'Ap #908-8938 Imperdiet Av.', NULL, 0, 0, 'augue scelerisque mollis.', 'Porter', 0, 384),
(459, '235-6323 Dui. Av.', NULL, 0, 0, 'commodo tincidunt nibh.', 'Tanya', 0, 396),
(460, 'Ap #104-729 Ipsum St.', NULL, 0, 0, 'quam, elementum at,', 'May', 0, 402),
(461, 'Ap #409-7029 Ridiculus Ave', NULL, 0, 0, 'neque venenatis lacus.', 'Lila', 0, 406),
(462, '539-9365 Et Rd.', NULL, 0, 0, 'enim non nisi.', 'Lesley', 0, 374),
(463, 'P.O. Box 394, 2596 Porttitor Avenue', NULL, 0, 0, 'vulputate dui,', 'Summer', 0, 379),
(464, 'P.O. Box 554, 1219 Vel, Av.', NULL, 0, 0, 'natoque penatibus', 'Aspen', 0, 410),
(465, 'P.O. Box 668, 8948 Ac, Av.', NULL, 0, 0, 'odio vel est', 'Iliana', 0, 393),
(466, 'P.O. Box 527, 468 Adipiscing. Av.', NULL, 0, 0, 'a nunc. In', 'Orli', 0, 403),
(467, '199-6721 Et, Avenue', NULL, 0, 0, 'nec tempus scelerisque,', 'Andrew', 0, 378),
(468, 'P.O. Box 275, 5320 Laoreet Ave', NULL, 0, 0, 'ipsum non', 'Berk', 0, 370),
(469, '6046 Egestas. Road', NULL, 0, 0, 'eget, dictum placerat,', 'Leonard', 0, 374),
(470, 'P.O. Box 437, 8081 Fermentum Rd.', NULL, 0, 0, 'vel nisl. Quisque', 'Jonah', 0, 404),
(471, 'P.O. Box 310, 4838 Aenean Ave', NULL, 0, 0, 'odio a', 'Sonia', 0, 371),
(472, 'Ap #358-5995 Quis, Avenue', NULL, 0, 0, 'tempus eu,', 'Stewart', 0, 385),
(473, '9358 Tristique St.', NULL, 0, 0, 'habitant morbi', 'MacKenzie', 0, 395),
(474, 'Ap #120-7328 Malesuada Av.', NULL, 0, 0, 'dui, nec', 'Neil', 0, 393),
(475, '7599 Imperdiet, Rd.', NULL, 0, 0, 'nibh. Quisque', 'Arden', 0, 401),
(476, 'Ap #294-3613 Sapien. Rd.', NULL, 0, 0, 'Nunc pulvinar', 'Hilel', 0, 368),
(477, 'Ap #468-6255 Auctor Av.', NULL, 0, 0, 'pulvinar arcu et', 'Kibo', 0, 376),
(478, 'Ap #666-1184 Posuere, Av.', NULL, 0, 0, 'dui, semper et,', 'Lacota', 0, 387),
(479, '157-2184 Posuere St.', NULL, 0, 0, 'Proin eget odio.', 'Lillian', 0, 383),
(480, 'P.O. Box 733, 4134 Elementum, Road', NULL, 0, 0, 'ipsum dolor sit', 'Blake', 0, 388),
(481, 'Ap #662-4054 Pulvinar Rd.', NULL, 0, 0, 'nec tempus scelerisque,', 'Skyler', 0, 375),
(482, 'Ap #833-7099 In, Street', NULL, 0, 0, 'Suspendisse sagittis.', 'Zane', 0, 407),
(483, 'Ap #728-1141 Ornare, St.', NULL, 0, 0, 'elit. Nulla', 'Chanda', 0, 387),
(484, '5066 Lacus. Avenue', NULL, 0, 0, 'magna. Phasellus', 'Anjolie', 0, 369),
(485, '330 Donec Av.', NULL, 0, 0, 'orci. Ut', 'Brenna', 0, 387),
(486, 'P.O. Box 439, 1604 Sagittis. Av.', NULL, 0, 0, 'eget, dictum', 'Drew', 0, 381),
(487, '585-3501 Feugiat. Street', NULL, 0, 0, 'mauris. Morbi non', 'Lysandra', 0, 392),
(488, '2890 Urna. Street', NULL, 0, 0, 'lectus quis', 'Tallulah', 0, 381),
(489, 'Ap #328-4408 In, Street', NULL, 0, 0, 'Duis elementum, dui', 'Yen', 0, 395),
(490, '758-1197 Adipiscing Avenue', NULL, 0, 0, 'erat volutpat. Nulla', 'Kennan', 0, 391),
(491, 'Ap #505-5000 Proin Avenue', NULL, 0, 0, 'Quisque porttitor eros', 'Xenos', 0, 390),
(492, '921-4013 Felis St.', NULL, 0, 0, 'gravida sit amet,', 'Jacob', 0, 409),
(493, '7212 Risus. Av.', NULL, 0, 0, 'dolor sit amet,', 'Branden', 0, 408),
(494, '795-8032 Arcu. Street', NULL, 0, 0, 'sed, facilisis vitae,', 'Ciaran', 0, 395),
(495, 'Ap #961-5966 Sapien, Street', NULL, 0, 0, 'Nunc quis', 'Keith', 0, 382),
(496, '721-3981 Duis Av.', NULL, 0, 0, 'ut, sem.', 'Xaviera', 0, 399),
(497, '582-8608 Donec Av.', NULL, 0, 0, 'metus facilisis lorem', 'Jennifer', 0, 394),
(498, '325-8665 Nulla St.', NULL, 0, 0, 'Lorem ipsum', 'Camilla', 0, 397),
(499, 'P.O. Box 804, 5942 Vehicula Avenue', NULL, 0, 0, 'nibh lacinia', 'Keegan', 0, 380),
(500, 'P.O. Box 866, 4607 Est, Road', NULL, 0, 0, 'egestas. Aliquam', 'Cruz', 0, 389),
(501, '8411 Augue. Av.', NULL, 0, 0, 'aliquet, sem ut', 'Roth', 0, 395),
(502, '661-6687 Eu St.', NULL, 0, 0, 'sem egestas', 'Wyatt', 0, 405),
(503, '272-8194 Suspendisse Rd.', NULL, 0, 0, 'ridiculus mus.', 'Hayden', 0, 369),
(504, 'Ap #586-6007 Porttitor Rd.', NULL, 0, 0, 'lorem vitae', 'Mikayla', 0, 377),
(505, '446-254 Erat Road', NULL, 0, 0, 'neque et nunc.', 'Branden', 0, 375),
(506, 'Ap #555-9964 A Rd.', NULL, 0, 0, 'enim. Mauris', 'Simon', 0, 398),
(507, '606-272 Pede St.', NULL, 0, 0, 'non, bibendum sed,', 'Wang', 0, 386),
(508, 'P.O. Box 465, 3295 Leo. Road', NULL, 0, 0, 'gravida sit', 'Beau', 0, 411),
(509, 'Ap #904-9918 Elementum, Rd.', NULL, 0, 0, 'lobortis tellus justo', 'Kai', 0, 400),
(510, '9748 Ut, Rd.', NULL, 0, 0, 'amet, risus. Donec', 'Thor', 0, 395),
(511, '150-6911 Eleifend Street', NULL, 0, 0, 'Aliquam adipiscing lobortis', 'Karina', 0, 373),
(512, '5943 Sagittis Ave', NULL, 0, 0, 'vitae dolor. Donec', 'Nehru', 0, 372),
(513, 'Ap #908-8938 Imperdiet Av.', NULL, 0, 0, 'augue scelerisque mollis.', 'Porter', 0, 384),
(514, '235-6323 Dui. Av.', NULL, 0, 0, 'commodo tincidunt nibh.', 'Tanya', 0, 396),
(515, 'Ap #104-729 Ipsum St.', NULL, 0, 0, 'quam, elementum at,', 'May', 0, 402),
(516, 'Ap #409-7029 Ridiculus Ave', NULL, 0, 0, 'neque venenatis lacus.', 'Lila', 0, 406),
(517, '539-9365 Et Rd.', NULL, 0, 0, 'enim non nisi.', 'Lesley', 0, 374),
(518, 'P.O. Box 394, 2596 Porttitor Avenue', NULL, 0, 0, 'vulputate dui,', 'Summer', 0, 379),
(519, 'P.O. Box 554, 1219 Vel, Av.', NULL, 0, 0, 'natoque penatibus', 'Aspen', 0, 410),
(520, 'P.O. Box 668, 8948 Ac, Av.', NULL, 0, 0, 'odio vel est', 'Iliana', 0, 393),
(521, 'P.O. Box 527, 468 Adipiscing. Av.', NULL, 0, 0, 'a nunc. In', 'Orli', 0, 403),
(522, '199-6721 Et, Avenue', NULL, 0, 0, 'nec tempus scelerisque,', 'Andrew', 0, 378),
(523, 'P.O. Box 275, 5320 Laoreet Ave', NULL, 0, 0, 'ipsum non', 'Berk', 0, 370),
(524, '6046 Egestas. Road', NULL, 0, 0, 'eget, dictum placerat,', 'Leonard', 0, 374),
(525, 'P.O. Box 437, 8081 Fermentum Rd.', NULL, 0, 0, 'vel nisl. Quisque', 'Jonah', 0, 404),
(526, 'P.O. Box 310, 4838 Aenean Ave', NULL, 0, 0, 'odio a', 'Sonia', 0, 371),
(527, 'Ap #358-5995 Quis, Avenue', NULL, 0, 0, 'tempus eu,', 'Stewart', 0, 385),
(528, '9358 Tristique St.', NULL, 0, 0, 'habitant morbi', 'MacKenzie', 0, 395),
(529, 'Ap #120-7328 Malesuada Av.', NULL, 0, 0, 'dui, nec', 'Neil', 0, 393),
(530, '7599 Imperdiet, Rd.', NULL, 0, 0, 'nibh. Quisque', 'Arden', 0, 401),
(531, 'Ap #294-3613 Sapien. Rd.', NULL, 0, 0, 'Nunc pulvinar', 'Hilel', 0, 368),
(532, 'Ap #468-6255 Auctor Av.', NULL, 0, 0, 'pulvinar arcu et', 'Kibo', 0, 376),
(533, 'Ap #666-1184 Posuere, Av.', NULL, 0, 0, 'dui, semper et,', 'Lacota', 0, 387),
(534, '157-2184 Posuere St.', NULL, 0, 0, 'Proin eget odio.', 'Lillian', 0, 383),
(535, 'P.O. Box 733, 4134 Elementum, Road', NULL, 0, 0, 'ipsum dolor sit', 'Blake', 0, 388),
(536, 'Ap #662-4054 Pulvinar Rd.', NULL, 0, 0, 'nec tempus scelerisque,', 'Skyler', 0, 375),
(537, 'Ap #833-7099 In, Street', NULL, 0, 0, 'Suspendisse sagittis.', 'Zane', 0, 407),
(538, 'Ap #728-1141 Ornare, St.', NULL, 0, 0, 'elit. Nulla', 'Chanda', 0, 387),
(539, '5066 Lacus. Avenue', NULL, 0, 0, 'magna. Phasellus', 'Anjolie', 0, 369),
(540, '330 Donec Av.', NULL, 0, 0, 'orci. Ut', 'Brenna', 0, 387),
(541, 'P.O. Box 439, 1604 Sagittis. Av.', NULL, 0, 0, 'eget, dictum', 'Drew', 0, 381);

-- --------------------------------------------------------

--
-- Estructura de tabla para la tabla `client`
--

CREATE TABLE `client` (
  `id_user` bigint NOT NULL,
  `active` bit(1) DEFAULT NULL,
  `date_of_birth` datetime(6) DEFAULT NULL,
  `email` varchar(50) NOT NULL,
  `name` varchar(50) NOT NULL,
  `password` varchar(50) NOT NULL,
  `score` int DEFAULT NULL,
  `username` varchar(50) NOT NULL,
  `version` int DEFAULT NULL,
  `date_of_register` datetime(6) NOT NULL
) ENGINE=InnoDB DEFAULT CHARSET=utf8mb3;

--
-- Volcado de datos para la tabla `client`
--

INSERT INTO `client` (`id_user`, `active`, `date_of_birth`, `email`, `name`, `password`, `score`, `username`, `version`, `date_of_register`) VALUES
(38, b'1', '2000-01-01 00:00:00.000000', 'cliente1@gmail.com', 'cliente1', 'cli123', 1, 'cli1', 0, '2022-04-22 00:00:00.000000'),
(41, b'1', '2001-05-01 00:00:00.000000', 'cliente2@gmail.com', 'cliente2', 'cli123', 5, 'cli2', 0, '2022-04-25 00:00:00.000000'),
(43, b'1', '1999-08-01 00:00:00.000000', 'cliente3@gmail.com', 'cliente3', 'cli123', 8, 'cli3', 0, '2022-04-15 00:00:00.000000'),
(368, b'1', '1991-07-11 00:00:00.000000', 'sit@outlook.org', 'James Sanchez', 'Ymb52CZL2', 5, 'Michael', 0, '2022-04-25 00:00:00.000000'),
(369, b'1', '1996-06-30 00:00:00.000000', 'eget.lacus@yahoo.net', 'Quamar Benjamin', 'Yei33GKG9', 8, 'Portia', 0, '2020-09-13 00:00:00.000000'),
(370, b'1', '1994-08-24 00:00:00.000000', 'ac.ipsum.phasellus@protonmail.couk', 'Timothy Mateo', 'Fdr88AXR7', 5, 'Isabelle', 0, '2020-11-05 00:00:00.000000'),
(371, b'1', '1996-08-17 00:00:00.000000', 'magna.cras@hotmail.ca', 'Carter Herrera', 'Lej32CZO4', 0, 'Kato', 0, '2022-03-31 00:00:00.000000'),
(372, b'1', '1991-09-27 00:00:00.000000', 'nunc@yahoo.net', 'Libby Matias', 'Fit07UKI7', 10, 'Mason', 0, '2021-12-22 00:00:00.000000'),
(373, b'1', '1994-05-13 00:00:00.000000', 'velit.justo.nec@aol.edu', 'Alexa Gutierrez', 'Ljo83PLH2', 3, 'Cally', 0, '2020-07-05 00:00:00.000000'),
(374, b'1', '1997-06-16 00:00:00.000000', 'morbi.sit@icloud.edu', 'Chase Maximiliano', 'Fsu11BWJ3', 4, 'Tanya', 0, '2020-08-21 00:00:00.000000'),
(375, b'1', '2000-01-21 00:00:00.000000', 'sagittis.augue@aol.com', 'Cullen Flores', 'Wbj28SEU8', 8, 'Jacob', 0, '2020-11-17 00:00:00.000000'),
(376, b'1', '1997-09-09 00:00:00.000000', 'nulla.dignissim@google.org', 'Tiger Vergara', 'Pyu92RSZ9', 1, 'Wylie', 0, '2022-01-03 00:00:00.000000'),
(377, b'1', '1992-06-26 00:00:00.000000', 'mauris.nulla@yahoo.com', 'Alexander Augustin', 'Rqt84NUQ8', 9, 'Kylynn', 0, '2021-05-09 00:00:00.000000'),
(378, b'1', '1990-06-23 00:00:00.000000', 'enim.nec@aol.com', 'Brenna Morales', 'Fal66THJ9', 8, 'Channing', 0, '2022-04-02 00:00:00.000000'),
(379, b'1', '1995-07-07 00:00:00.000000', 'posuere.cubilia.curae@outlook.ca', 'Oliver Luis', 'Dqi50CYR1', 9, 'Holmes', 0, '2021-03-21 00:00:00.000000'),
(380, b'1', '1993-09-15 00:00:00.000000', 'velit.in@yahoo.com', 'Cathleen Francisco', 'Fni55RNY8', 7, 'Kitra', 0, '2020-08-30 00:00:00.000000'),
(381, b'1', '1999-05-15 00:00:00.000000', 'eu.nulla.at@protonmail.org', 'Mallory Sepulveda', 'Iml52DQO6', 2, 'Abra', 0, '2021-12-17 00:00:00.000000'),
(382, b'1', '1992-12-25 00:00:00.000000', 'duis.elementum@outlook.com', 'Rosalyn Valenzuela', 'Ndz78PBD6', 6, 'Lewis', 0, '2021-11-02 00:00:00.000000'),
(383, b'1', '2000-03-17 00:00:00.000000', 'nunc.commodo.auctor@outlook.edu', 'Scott Testudines', 'Tvh35RDU8', 6, 'Wang', 0, '2020-11-06 00:00:00.000000'),
(384, b'1', '1999-04-05 00:00:00.000000', 'placerat.orci@hotmail.com', 'Paki Mateo', 'Pvy53NGY9', 4, 'Fiona', 0, '2021-05-30 00:00:00.000000'),
(385, b'1', '1995-12-26 00:00:00.000000', 'integer.sem.elit@yahoo.ca', 'Nomlanga Alonsos', 'Icv80BFT1', 6, 'Rana', 0, '2021-04-05 00:00:00.000000'),
(386, b'1', '1997-07-02 00:00:00.000000', 'tincidunt.adipiscing@outlook.com', 'Alec Joaquin', 'Ngl47GQL5', 6, 'Kermit', 0, '2022-03-02 00:00:00.000000'),
(387, b'1', '1999-08-03 00:00:00.000000', 'cum@protonmail.couk', 'Keaton Vasquez', 'Dse50MWS9', 3, 'Harper', 0, '2022-04-23 00:00:00.000000'),
(388, b'1', '1998-03-17 00:00:00.000000', 'ullamcorper.viverra.maecenas@yahoo.couk', 'Mona Rojas', 'Xuv21PII4', 8, 'Tashya', 0, '2020-12-21 00:00:00.000000'),
(389, b'1', '1992-10-27 00:00:00.000000', 'tortor.integer@yahoo.ca', 'Noel Munoz', 'Egb05MPR2', 5, 'Sawyer', 0, '2021-08-03 00:00:00.000000'),
(390, b'1', '1998-11-14 00:00:00.000000', 'mi@protonmail.net', 'Whoopi Perez', 'Ngd72FIC6', 9, 'Amos', 0, '2022-01-22 00:00:00.000000'),
(391, b'1', '1991-10-13 00:00:00.000000', 'enim@icloud.org', 'Hu Rivera', 'Ywm86CLH8', 6, 'Adele', 0, '2020-12-04 00:00:00.000000'),
(392, b'1', '1993-02-05 00:00:00.000000', 'ac.libero@yahoo.org', 'Kermit Silva', 'Psu29ZBM5', 6, 'Basil', 0, '2020-10-30 00:00:00.000000'),
(393, b'1', '1999-06-22 00:00:00.000000', 'litora.torquent.per@aol.net', 'Dane Castro', 'Pfs68TBS5', 8, 'Lois', 0, '2020-09-16 00:00:00.000000'),
(394, b'1', '1994-03-30 00:00:00.000000', 'aliquet.lobortis@outlook.com', 'Randall Vicente', 'Vvk13LCJ0', 10, 'Robert', 0, '2021-02-02 00:00:00.000000'),
(395, b'1', '1994-07-22 00:00:00.000000', 'venenatis.lacus@aol.org', 'Katelyn Atlas', 'Dlo22XJQ4', 9, 'Axel', 0, '2020-12-12 00:00:00.000000'),
(396, b'1', '1990-12-13 00:00:00.000000', 'hendrerit@google.org', 'Rinah Maximiliano', 'Rpk58OTC5', 1, 'Sopoline', 0, '2022-02-11 00:00:00.000000'),
(397, b'1', '1993-01-11 00:00:00.000000', 'donec.nibh@yahoo.org', 'Thane Araya', 'Ngt25EXR4', 4, 'Guy', 0, '2021-03-07 00:00:00.000000'),
(398, b'1', '1991-04-02 00:00:00.000000', 'malesuada.vel@icloud.org', 'Chanda Paz', 'Gvw34EEG2', 0, 'Naida', 0, '2021-02-06 00:00:00.000000'),
(399, b'1', '1992-11-04 00:00:00.000000', 'nunc.ac.sem@outlook.couk', 'Bryar Torres', 'Okg80WWN8', 10, 'Sierra', 0, '2020-11-22 00:00:00.000000'),
(400, b'1', '1996-04-10 00:00:00.000000', 'enim.gravida.sit@google.net', 'Eliana Soto', 'Hyb14QGH7', 5, 'Stacy', 0, '2020-10-16 00:00:00.000000'),
(401, b'1', '1993-06-28 00:00:00.000000', 'habitant.morbi.tristique@hotmail.org', 'Mona Morales', 'Uhq29KFP5', 9, 'Jayme', 0, '2020-10-29 00:00:00.000000'),
(402, b'1', '1995-11-10 00:00:00.000000', 'orci.quis.lectus@hotmail.couk', 'Phelan Gabriel', 'Kfm05FFA6', 9, 'Rowan', 0, '2021-10-23 00:00:00.000000'),
(403, b'1', '1991-01-14 00:00:00.000000', 'ornare@outlook.net', 'Nichole Maximiliano', 'Meu97PEX9', 8, 'Diana', 0, '2021-06-19 00:00:00.000000'),
(404, b'1', '1992-06-11 00:00:00.000000', 'libero.at@google.org', 'Jarrod Ramirez', 'Fzf37RSD8', 7, 'Suki', 0, '2021-12-17 00:00:00.000000'),
(405, b'1', '1997-11-25 00:00:00.000000', 'convallis@hotmail.edu', 'Inga Testudines', 'Iso48EMW8', 0, 'Quinn', 0, '2021-05-16 00:00:00.000000'),
(406, b'1', '1999-05-31 00:00:00.000000', 'eget@google.ca', 'Austin Paula', 'Wmd27PMO4', 8, 'Thania', 0, '2021-11-12 00:00:00.000000'),
(407, b'1', '1998-08-22 00:00:00.000000', 'egestas.rhoncus@protonmail.net', 'Damon Sepulveda', 'Trq43ZRN9', 4, 'Caesar', 0, '2022-05-02 00:00:00.000000'),
(408, b'1', '1999-03-26 00:00:00.000000', 'torquent.per.conubia@protonmail.couk', 'Elvis Vega', 'Wzn21UIF1', 9, 'Xanderia', 0, '2022-02-09 00:00:00.000000'),
(409, b'1', '1998-06-15 00:00:00.000000', 'interdum.ligula@yahoo.edu', 'Malik Rodriguez', 'Fdb28MBJ1', 4, 'Amire', 0, '2021-05-12 00:00:00.000000'),
(410, b'1', '1999-06-25 00:00:00.000000', 'vestibulum.ante@google.couk', 'Louis Munoz', 'Tci35JTB5', 4, 'Gareth', 0, '2020-10-01 00:00:00.000000'),
(411, b'1', '1993-09-07 00:00:00.000000', 'ut.nisi.a@icloud.net', 'Celeste Flores', 'Rbu46COA4', 6, 'Kieran', 0, '2022-02-15 00:00:00.000000');

-- --------------------------------------------------------

--
-- Estructura de tabla para la tabla `delivery_man`
--

CREATE TABLE `delivery_man` (
  `id_user` bigint NOT NULL,
  `active` bit(1) DEFAULT NULL,
  `date_of_birth` datetime(6) DEFAULT NULL,
  `email` varchar(50) NOT NULL,
  `name` varchar(50) NOT NULL,
  `password` varchar(50) NOT NULL,
  `score` int DEFAULT NULL,
  `username` varchar(50) NOT NULL,
  `version` int DEFAULT NULL,
  `date_of_admission` datetime(6) NOT NULL,
  `free` bit(1) DEFAULT NULL,
  `number_of_success` int NOT NULL
) ENGINE=InnoDB DEFAULT CHARSET=utf8mb3;

--
-- Volcado de datos para la tabla `delivery_man`
--

INSERT INTO `delivery_man` (`id_user`, `active`, `date_of_birth`, `email`, `name`, `password`, `score`, `username`, `version`, `date_of_admission`, `free`, `number_of_success`) VALUES
(44, b'1', '1999-08-01 00:00:00.000000', 'delivery1@gmail.com', 'delivery1', 'del123', 3, 'del1', 0, '2022-04-15 00:00:00.000000', b'1', 3),
(45, b'1', '1997-02-10 00:00:00.000000', 'delivery2@gmail.com', 'delivery2', 'del123', 1, 'del2', 0, '2021-04-15 00:00:00.000000', b'1', 1),
(46, b'1', '1995-12-10 00:00:00.000000', 'delivery3@gmail.com', 'delivery3', 'del123', 1, 'del3', 0, '2022-01-15 00:00:00.000000', b'1', 1),
(412, b'1', '1980-11-17 00:00:00.000000', 'lorem.fringilla.ornare@outlook.net', 'Yardley Ibañez', 'Fdb28MBJ1', 4, 'Kevyn', 0, '2022-02-20 00:00:00.000000', b'1', 6),
(413, b'1', '1980-08-24 00:00:00.000000', 'nisi@icloud.com', 'Rachel Muﾑoz', 'Ymb52CZL2', 5, 'Norman', 0, '2021-06-10 00:00:00.000000', b'1', 7),
(414, b'1', '1987-06-29 00:00:00.000000', 'duis.dignissim@icloud.com', 'Lila Fuentes', 'Yei33GKG9', 8, 'Madaline', 0, '2020-12-07 00:00:00.000000', b'1', 1),
(415, b'1', '1982-09-10 00:00:00.000000', 'ligula.donec@protonmail.org', 'Ebony Iba', 'Tci35JTB5', 4, 'Denise', 0, '2022-02-20 00:00:00.000000', b'1', 9),
(416, b'1', '1987-07-04 00:00:00.000000', 'vulputate@icloud.edu', 'Peter Redondo', 'Rbu46COA4', 6, 'Germaine', 0, '2020-07-21 00:00:00.000000', b'1', 2),
(417, b'1', '1982-10-22 00:00:00.000000', 'cursus@google.net', 'Hunter Miguel', 'Uod45YMV6', 5, 'Lesley', 0, '2020-08-25 00:00:00.000000', b'1', 3),
(418, b'1', '1984-12-17 00:00:00.000000', 'ridiculus@outlook.com', 'Ignacia Cano', 'Vtd62RVW3', 8, 'Isadora', 0, '2020-07-20 00:00:00.000000', b'1', 2),
(419, b'1', '1990-09-04 00:00:00.000000', 'magna@hotmail.edu', 'Maia Martinez', 'Rte86EFE5', 4, 'Victor', 0, '2020-06-12 00:00:00.000000', b'1', 5),
(420, b'1', '1985-07-06 00:00:00.000000', 'magna.malesuada@outlook.com', 'Jerome Santana', 'Hmo32HZT6', 9, 'Quentin', 0, '2021-12-02 00:00:00.000000', b'1', 6),
(421, b'1', '1985-08-14 00:00:00.000000', 'neque.et.nunc@outlook.org', 'Arthur Muﾑoz', 'Uva25PRN9', 3, 'Nora', 0, '2022-02-27 00:00:00.000000', b'1', 6),
(422, b'1', '1986-08-15 00:00:00.000000', 'sed.tortor@protonmail.org', 'Ramona Suarez', 'Veq97HFO8', 8, 'Shannon', 0, '2021-04-06 00:00:00.000000', b'1', 10),
(423, b'1', '1985-08-24 00:00:00.000000', 'cursus.diam@outlook.edu', 'Ebony Martinez', 'Msr68ELP2', 1, 'Hop', 0, '2020-06-01 00:00:00.000000', b'1', 9),
(424, b'1', '1990-02-18 00:00:00.000000', 'quis.turpis.vitae@hotmail.com', 'Hamilton Gimenez', 'Vgy61RMZ2', 2, 'Amal', 0, '2021-11-13 00:00:00.000000', b'1', 2),
(425, b'1', '1983-01-02 00:00:00.000000', 'cras.dictum@icloud.net', 'Burton Iglesias', 'Ojn31LZC5', 0, 'Camille', 0, '2021-07-24 00:00:00.000000', b'1', 1),
(426, b'1', '1983-01-03 00:00:00.000000', 'lectus.pede@icloud.edu', 'Mechelle Delgado', 'Vwc77YLH8', 10, 'Madison', 0, '2022-01-14 00:00:00.000000', b'1', 8),
(427, b'1', '1990-08-11 00:00:00.000000', 'amet.consectetuer@protonmail.org', 'Jonah Muﾑoz', 'Dlm15EVK4', 8, 'Damian', 0, '2021-10-29 00:00:00.000000', b'1', 9),
(428, b'1', '1991-10-11 00:00:00.000000', 'leo.cras@icloud.org', 'Lacy Ibañez', 'Iqt81JNE9', 8, 'Britanney', 0, '2020-05-13 00:00:00.000000', b'1', 7),
(429, b'1', '1993-03-10 00:00:00.000000', 'nascetur.ridiculus.mus@icloud.com', 'Wynne Santana', 'Nmg58PLH1', 2, 'Audra', 0, '2021-07-12 00:00:00.000000', b'1', 3),
(430, b'1', '1982-08-23 00:00:00.000000', 'euismod@aol.org', 'Miriam Carmona', 'Qnu95BBP2', 6, 'Preston', 0, '2021-11-30 00:00:00.000000', b'1', 6),
(431, b'1', '1993-01-11 00:00:00.000000', 'aliquam.gravida.mauris@google.org', 'Keith Santos', 'Iou59SRE8', 2, 'Yuri', 0, '2021-05-18 00:00:00.000000', b'1', 2);

-- --------------------------------------------------------

--
-- Estructura de tabla para la tabla `hibernate_sequence`
--

CREATE TABLE `hibernate_sequence` (
  `next_val` bigint DEFAULT NULL
) ENGINE=InnoDB DEFAULT CHARSET=utf8mb3;

--
-- Volcado de datos para la tabla `hibernate_sequence`
--

INSERT INTO `hibernate_sequence` (`next_val`) VALUES
(3482);

-- --------------------------------------------------------

--
-- Estructura de tabla para la tabla `historical_product_price`
--

CREATE TABLE `historical_product_price` (
  `id_historical_product_price` bigint NOT NULL,
  `finish_date` datetime(6) NOT NULL,
  `price` float NOT NULL,
  `start_date` datetime(6) NOT NULL,
  `version` int DEFAULT NULL,
  `id_product` bigint NOT NULL
) ENGINE=InnoDB DEFAULT CHARSET=utf8mb3;

-- --------------------------------------------------------

--
-- Estructura de tabla para la tabla `item`
--

CREATE TABLE `item` (
  `id_item` bigint NOT NULL,
  `description` varchar(500) DEFAULT NULL,
  `quantity` int NOT NULL,
  `version` int DEFAULT NULL,
  `id_product` bigint NOT NULL,
  `id_order` bigint DEFAULT NULL
) ENGINE=InnoDB DEFAULT CHARSET=utf8mb3;

--
-- Volcado de datos para la tabla `item`
--

INSERT INTO `item` (`id_item`, `description`, `quantity`, `version`, `id_product`, `id_order`) VALUES
(1254, 'sit amet ante. Vivamus non lorem vitae', 3, 0, 1146, 1253),
(1255, 'enim nec tempus scelerisque,', 3, 0, 1118, 1253),
(1256, 'eleifend egestas. Sed pharetra, felis eget varius ultrices,', 3, 0, 666, 1253),
(1258, 'Phasellus ornare. Fusce mollis. Duis', 1, 0, 679, 1257),
(1260, 'erat neque non quam. Pellentesque habitant', 4, 0, 1069, 1259),
(1261, 'Vivamus nibh dolor, nonummy ac, feugiat non, lobortis', 4, 0, 1053, 1259),
(1262, 'In lorem. Donec elementum, lorem ut aliquam iaculis, lacus pede', 4, 0, 677, 1259),
(1263, 'Donec feugiat metus sit amet ante. Vivamus non', 4, 0, 1168, 1259),
(1265, 'In faucibus. Morbi vehicula. Pellentesque tincidunt tempus', 4, 0, 1119, 1264),
(1266, 'gravida molestie arcu.', 4, 0, 1034, 1264),
(1267, 'ullamcorper, nisl arcu', 4, 0, 1068, 1264),
(1268, 'pretium neque. Morbi quis urna. Nunc quis', 4, 0, 1154, 1264),
(1270, 'mattis. Integer eu lacus.', 11, 0, 657, 1269),
(1271, 'Vivamus nisi. Mauris nulla. Integer urna. Vivamus molestie', 11, 0, 1054, 1269),
(1272, 'id ante dictum cursus. Nunc mauris elit,', 11, 0, 625, 1269),
(1273, 'ac facilisis facilisis, magna tellus faucibus leo, in lobortis', 11, 0, 1109, 1269),
(1274, 'vehicula et, rutrum eu, ultrices sit amet, risus. Donec', 11, 0, 662, 1269),
(1275, 'aliquet, metus urna convallis erat, eget tincidunt dui', 11, 0, 654, 1269),
(1276, 'gravida molestie arcu.', 11, 0, 1153, 1269),
(1277, 'In lorem. Donec elementum, lorem ut aliquam iaculis, lacus pede', 11, 0, 1234, 1269),
(1278, 'nonummy ultricies ornare, elit elit fermentum risus, at fringilla purus', 11, 0, 1017, 1269),
(1279, 'nec urna et arcu', 11, 0, 1174, 1269),
(1280, 'fermentum convallis ligula. Donec luctus aliquet odio. Etiam', 11, 0, 641, 1269),
(1282, 'elit sed consequat', 2, 0, 1148, 1281),
(1283, 'magna nec quam. Curabitur', 2, 0, 1103, 1281),
(1285, 'vehicula et, rutrum eu, ultrices sit amet, risus. Donec', 3, 0, 653, 1284),
(1286, 'Duis cursus, diam at pretium aliquet,', 3, 0, 1105, 1284),
(1287, 'rutrum, justo. Praesent luctus. Curabitur egestas nunc', 3, 0, 1165, 1284),
(1289, 'adipiscing, enim mi tempor lorem,', 3, 0, 1095, 1288),
(1290, 'laoreet ipsum. Curabitur consequat, lectus sit amet luctus', 3, 0, 1037, 1288),
(1291, 'quis diam luctus lobortis. Class aptent taciti sociosqu ad', 3, 0, 643, 1288),
(1293, 'Mauris quis turpis vitae', 1, 0, 1022, 1292),
(1295, 'Sed eu eros. Nam consequat dolor', 2, 0, 1190, 1294),
(1296, 'Donec est mauris, rhoncus id, mollis', 2, 0, 1194, 1294),
(1298, 'aliquam iaculis, lacus pede sagittis', 10, 0, 1207, 1297),
(1299, 'laoreet ipsum. Curabitur consequat, lectus sit amet luctus', 10, 0, 1028, 1297),
(1300, 'adipiscing, enim mi tempor lorem,', 10, 0, 1027, 1297),
(1301, 'adipiscing, enim mi tempor lorem,', 10, 0, 1087, 1297),
(1302, 'eleifend nec, malesuada ut,', 10, 0, 635, 1297),
(1303, 'quis accumsan convallis, ante lectus convallis est,', 10, 0, 1224, 1297),
(1304, 'Cum sociis natoque penatibus et magnis dis parturient', 10, 0, 1103, 1297),
(1305, 'risus. Quisque libero lacus, varius et,', 10, 0, 1223, 1297),
(1306, 'Nullam enim. Sed nulla ante, iaculis nec,', 10, 0, 1208, 1297),
(1307, 'pulvinar arcu et pede. Nunc sed orci lobortis augue scelerisque', 10, 0, 1044, 1297),
(1309, 'non justo. Proin non massa non ante bibendum', 1, 0, 1127, 1308),
(1311, 'amet orci. Ut sagittis lobortis mauris.', 5, 0, 643, 1310),
(1312, 'at, velit. Cras lorem lorem, luctus', 5, 0, 1095, 1310),
(1313, 'Cum sociis natoque penatibus et magnis dis parturient', 5, 0, 645, 1310),
(1314, 'gravida mauris ut mi.', 5, 0, 1215, 1310),
(1315, 'fermentum convallis ligula. Donec luctus aliquet odio. Etiam', 5, 0, 1155, 1310),
(1317, 'condimentum eget, volutpat ornare, facilisis eget, ipsum.', 6, 0, 640, 1316),
(1318, 'diam. Proin dolor. Nulla semper tellus id nunc', 6, 0, 644, 1316),
(1319, 'aliquam iaculis, lacus pede sagittis', 6, 0, 630, 1316),
(1320, 'Mauris quis turpis vitae', 6, 0, 628, 1316),
(1321, 'laoreet posuere, enim nisl elementum purus, accumsan', 6, 0, 1202, 1316),
(1322, 'nostra, per inceptos hymenaeos.', 6, 0, 1216, 1316),
(1324, 'Phasellus ornare. Fusce mollis. Duis', 2, 0, 1194, 1323),
(1325, 'egestas. Duis ac arcu.', 2, 0, 1014, 1323),
(1327, 'pede blandit congue. In scelerisque', 9, 0, 1224, 1326),
(1328, 'eleifend nec, malesuada ut,', 9, 0, 1147, 1326),
(1329, 'nostra, per inceptos hymenaeos.', 9, 0, 1103, 1326),
(1330, 'Sed eu eros. Nam consequat dolor', 9, 0, 635, 1326),
(1331, 'Nulla aliquet. Proin velit.', 9, 0, 652, 1326),
(1332, 'gravida mauris ut mi.', 9, 0, 1164, 1326),
(1333, 'imperdiet ullamcorper. Duis at lacus. Quisque purus sapien, gravida non,', 9, 0, 1207, 1326),
(1334, 'sit amet ante. Vivamus non lorem vitae', 9, 0, 1028, 1326),
(1335, 'imperdiet ullamcorper. Duis at lacus. Quisque purus sapien, gravida non,', 9, 0, 1088, 1326),
(1337, 'non, feugiat nec, diam. Duis mi enim, condimentum', 2, 0, 1165, 1336),
(1338, 'sagittis felis. Donec tempor, est ac mattis semper, dui lectus', 2, 0, 1225, 1336),
(1340, 'at, iaculis quis, pede. Praesent eu', 5, 0, 1097, 1339),
(1341, 'lacinia at, iaculis quis, pede. Praesent', 5, 0, 645, 1339),
(1342, 'gravida. Praesent eu nulla at', 5, 0, 643, 1339),
(1343, 'tincidunt pede ac urna. Ut', 5, 0, 1155, 1339),
(1344, 'ultrices iaculis odio. Nam interdum enim non nisi. Aenean', 5, 0, 1217, 1339),
(1346, 'Donec est mauris, rhoncus id, mollis', 10, 0, 1202, 1345),
(1347, 'lacinia at, iaculis quis, pede. Praesent', 10, 0, 644, 1345),
(1348, 'gravida mauris ut mi.', 10, 0, 1212, 1345),
(1349, 'Phasellus ornare. Fusce mollis. Duis sit amet diam eu', 10, 0, 1092, 1345),
(1350, 'at, iaculis quis, pede. Praesent eu', 10, 0, 630, 1345),
(1351, 'at, iaculis quis, pede. Praesent eu', 10, 0, 628, 1345),
(1352, 'Phasellus ornare. Fusce mollis. Duis sit amet diam eu', 10, 0, 1080, 1345),
(1353, 'In lorem. Donec elementum, lorem ut aliquam iaculis, lacus pede', 10, 0, 1096, 1345),
(1354, 'magna nec quam. Curabitur', 10, 0, 1200, 1345),
(1355, 'Aenean gravida nunc sed pede. Cum', 10, 0, 1032, 1345),
(1357, 'ante ipsum primis in faucibus orci luctus et ultrices posuere', 1, 0, 1184, 1356),
(1359, 'mus. Donec dignissim magna', 10, 0, 1201, 1358),
(1360, 'Aenean eget magna. Suspendisse tristique neque venenatis', 10, 0, 1021, 1358),
(1361, 'mattis. Integer eu lacus.', 10, 0, 1098, 1358),
(1362, 'Cum sociis natoque penatibus et magnis dis parturient', 10, 0, 1112, 1358),
(1363, 'dui. Cras pellentesque. Sed', 10, 0, 1052, 1358),
(1364, 'Nulla aliquet. Proin velit.', 10, 0, 1081, 1358),
(1365, 'nonummy ultricies ornare, elit elit fermentum risus, at fringilla purus', 10, 0, 1040, 1358),
(1366, 'quis diam luctus lobortis. Class aptent taciti sociosqu ad', 10, 0, 1117, 1358),
(1367, 'id nunc interdum feugiat. Sed nec', 10, 0, 1100, 1358),
(1368, 'ipsum. Phasellus vitae mauris sit', 10, 0, 1232, 1358),
(1370, 'non justo. Proin non massa non ante bibendum', 5, 0, 1227, 1369),
(1371, 'tincidunt pede ac urna. Ut', 5, 0, 1041, 1369),
(1372, 'mattis. Integer eu lacus.', 5, 0, 1107, 1369),
(1373, 'ullamcorper, nisl arcu iaculis enim, sit amet ornare lectus justo', 5, 0, 1101, 1369),
(1374, 'dignissim magna a tortor. Nunc commodo auctor velit. Aliquam', 5, 0, 1073, 1369),
(1376, 'vitae aliquam eros turpis non enim.', 2, 0, 1165, 1375),
(1377, 'in, tempus eu, ligula. Aenean euismod mauris eu elit.', 2, 0, 1045, 1375),
(1379, 'sit amet, consectetuer adipiscing elit. Curabitur sed tortor. Integer aliquam', 6, 0, 1028, 1378),
(1380, 'ullamcorper, nisl arcu', 6, 0, 651, 1378),
(1381, 'vel, convallis in, cursus et, eros.', 6, 0, 1043, 1378),
(1382, 'dui augue eu tellus.', 6, 0, 1164, 1378),
(1383, 'at, velit. Cras lorem lorem, luctus', 6, 0, 1224, 1378),
(1384, 'sit amet, consectetuer adipiscing elit. Curabitur sed tortor. Integer aliquam', 6, 0, 1044, 1378),
(1386, 'aliquam iaculis, lacus pede sagittis', 3, 0, 652, 1385),
(1387, 'ipsum. Phasellus vitae mauris sit', 3, 0, 1208, 1385),
(1388, 'In lorem. Donec elementum, lorem ut aliquam iaculis, lacus pede', 3, 0, 1224, 1385),
(1390, 'imperdiet ullamcorper. Duis at lacus. Quisque purus sapien, gravida non,', 1, 0, 671, 1389),
(1392, 'id nunc interdum feugiat. Sed nec', 3, 0, 1057, 1391),
(1393, 'Nullam enim. Sed nulla ante, iaculis nec,', 3, 0, 1160, 1391),
(1394, 'Mauris quis turpis vitae', 3, 0, 665, 1391),
(1396, 'non, vestibulum nec,', 3, 0, 646, 1395),
(1397, 'imperdiet ullamcorper. Duis at lacus. Quisque purus sapien, gravida non,', 3, 0, 1232, 1395),
(1398, 'Donec feugiat metus sit amet ante. Vivamus non', 3, 0, 1040, 1395),
(1400, 'tincidunt pede ac urna. Ut', 7, 0, 1235, 1399),
(1401, 'Sed eu eros. Nam consequat dolor', 7, 0, 1203, 1399),
(1402, 'adipiscing, enim mi tempor lorem,', 7, 0, 668, 1399),
(1403, 'pretium neque. Morbi quis urna. Nunc quis', 7, 0, 1175, 1399),
(1404, 'eu nibh vulputate mauris sagittis placerat. Cras dictum', 7, 0, 1205, 1399),
(1405, 'Duis cursus, diam at pretium aliquet,', 7, 0, 631, 1399),
(1406, 'nonummy ultricies ornare, elit elit fermentum risus, at fringilla purus', 7, 0, 1023, 1399),
(1408, 'amet nulla. Donec non justo. Proin', 3, 0, 1110, 1407),
(1409, 'quis accumsan convallis, ante lectus convallis est,', 3, 0, 1023, 1407),
(1410, 'Phasellus ornare. Fusce mollis. Duis', 3, 0, 1203, 1407),
(1412, 'Mauris quis turpis vitae', 3, 0, 1026, 1411),
(1413, 'Donec feugiat metus sit amet ante. Vivamus non', 3, 0, 1178, 1411),
(1414, 'sed sem egestas blandit. Nam nulla magna,', 3, 0, 1238, 1411),
(1416, 'Aenean eget magna. Suspendisse tristique neque venenatis', 4, 0, 1137, 1415),
(1417, 'non, feugiat nec, diam. Duis mi enim, condimentum', 4, 0, 1197, 1415),
(1418, 'ullamcorper, nisl arcu iaculis enim, sit amet ornare lectus justo', 4, 0, 1109, 1415),
(1419, 'rutrum, justo. Praesent luctus. Curabitur egestas nunc', 4, 0, 1234, 1415),
(1421, 'mus. Donec dignissim magna', 4, 0, 1211, 1420),
(1422, 'Aenean massa. Integer vitae nibh. Donec est mauris,', 4, 0, 1151, 1420),
(1423, 'sagittis lobortis mauris. Suspendisse aliquet molestie tellus.', 4, 0, 1039, 1420),
(1424, 'Nullam enim. Sed nulla ante, iaculis nec,', 4, 0, 1031, 1420),
(1426, 'at, velit. Cras lorem lorem, luctus', 9, 0, 1080, 1425),
(1427, 'vitae, orci. Phasellus dapibus', 9, 0, 1140, 1425),
(1428, 'quis diam luctus lobortis. Class aptent taciti sociosqu ad', 9, 0, 630, 1425),
(1429, 'Aenean massa. Integer vitae nibh. Donec est mauris,', 9, 0, 1020, 1425),
(1430, 'sit amet ante. Vivamus non lorem vitae', 9, 0, 640, 1425),
(1431, 'sit amet ornare lectus justo eu arcu.', 9, 0, 1036, 1425),
(1432, 'Mauris quis turpis vitae', 9, 0, 1156, 1425),
(1433, 'Phasellus ornare. Fusce mollis. Duis sit amet diam eu', 9, 0, 1092, 1425),
(1434, 'quis massa. Mauris vestibulum, neque sed', 9, 0, 1152, 1425),
(1436, 'Cum sociis natoque penatibus et magnis dis parturient', 4, 0, 1095, 1435),
(1437, 'Vivamus nibh dolor, nonummy ac, feugiat non, lobortis', 4, 0, 1097, 1435),
(1438, 'mus. Donec dignissim magna', 4, 0, 1157, 1435),
(1439, 'Aenean gravida nunc sed pede. Cum', 4, 0, 1037, 1435),
(1441, 'at, velit. Cras lorem lorem, luctus', 5, 0, 1065, 1440),
(1442, 'eleifend egestas. Sed pharetra, felis eget varius ultrices,', 5, 0, 1250, 1440),
(1443, 'ullamcorper, nisl arcu iaculis enim, sit amet ornare lectus justo', 5, 0, 1245, 1440),
(1444, 'sit amet ornare lectus justo eu arcu.', 5, 0, 1074, 1440),
(1445, 'vitae, orci. Phasellus dapibus', 5, 0, 1070, 1440),
(1447, 'dui augue eu tellus.', 2, 0, 1198, 1446),
(1448, 'condimentum eget, volutpat ornare, facilisis eget, ipsum.', 2, 0, 1138, 1446),
(1450, 'laoreet posuere, enim nisl elementum purus, accumsan', 2, 0, 1237, 1449),
(1451, 'magna nec quam. Curabitur', 2, 0, 1201, 1449),
(1453, 'Phasellus ornare. Fusce mollis. Duis sit amet diam eu', 9, 0, 1109, 1452),
(1454, 'Mauris quis turpis vitae', 9, 0, 1093, 1452),
(1455, 'sit amet ante. Vivamus non lorem vitae', 9, 0, 1169, 1452),
(1456, 'eleifend egestas. Sed pharetra, felis eget varius ultrices,', 9, 0, 1033, 1452),
(1457, 'sit amet ornare lectus justo eu arcu.', 9, 0, 1234, 1452),
(1458, 'sit amet, consectetuer adipiscing elit. Curabitur sed tortor. Integer aliquam', 9, 0, 625, 1452),
(1459, 'amet nulla. Donec non justo. Proin', 9, 0, 1106, 1452),
(1460, 'Nullam enim. Sed nulla ante, iaculis nec,', 9, 0, 1166, 1452),
(1461, 'ante ipsum primis in faucibus orci luctus et ultrices posuere', 9, 0, 1077, 1452),
(1463, 'In faucibus. Morbi vehicula. Pellentesque tincidunt tempus', 3, 0, 1040, 1462),
(1464, 'diam. Proin dolor. Nulla semper tellus id nunc', 3, 0, 1112, 1462),
(1465, 'Nullam feugiat placerat velit. Quisque varius. Nam porttitor', 3, 0, 1160, 1462),
(1467, 'nostra, per inceptos hymenaeos.', 2, 0, 1187, 1466),
(1468, 'sit amet, consectetuer adipiscing elit. Curabitur sed tortor. Integer aliquam', 2, 0, 1045, 1466),
(1470, 'non, vestibulum nec,', 3, 0, 1170, 1469),
(1471, 'imperdiet ullamcorper. Duis at lacus. Quisque purus sapien, gravida non,', 3, 0, 1143, 1469),
(1472, 'risus. Quisque libero lacus, varius et,', 3, 0, 1110, 1469),
(1474, 'varius et, euismod et, commodo at, libero. Morbi accumsan laoreet', 1, 0, 1199, 1473),
(1476, 'risus. Quisque libero lacus, varius et,', 1, 0, 1121, 1475),
(1478, 'Donec feugiat metus sit amet ante. Vivamus non', 1, 0, 1075, 1477),
(1480, 'cursus non, egestas a, dui. Cras pellentesque. Sed dictum. Proin', 6, 0, 677, 1479),
(1481, 'non, vestibulum nec,', 6, 0, 1069, 1479),
(1482, 'sit amet, consectetuer adipiscing elit. Curabitur sed tortor. Integer aliquam', 6, 0, 1168, 1479),
(1483, 'Aenean gravida nunc sed pede. Cum', 6, 0, 1048, 1479),
(1484, 'amet orci. Ut sagittis lobortis mauris.', 6, 0, 1173, 1479),
(1485, 'Cum sociis natoque penatibus et magnis dis parturient', 6, 0, 1129, 1479),
(1487, 'Cum sociis natoque penatibus', 5, 0, 1195, 1486),
(1488, 'Cum sociis natoque penatibus', 5, 0, 671, 1486),
(1489, 'at, iaculis quis, pede. Praesent eu', 5, 0, 1123, 1486),
(1490, 'nonummy ultricies ornare, elit elit fermentum risus, at fringilla purus', 5, 0, 1243, 1486),
(1491, 'enim nec tempus scelerisque,', 5, 0, 1135, 1486),
(1493, 'quis diam luctus lobortis. Class aptent taciti sociosqu ad', 8, 0, 663, 1492),
(1494, 'id nunc interdum feugiat. Sed nec', 8, 0, 1180, 1492),
(1495, 'ante ipsum primis in faucibus orci luctus et ultrices posuere', 8, 0, 1023, 1492),
(1496, 'pede blandit congue. In scelerisque', 8, 0, 1205, 1492),
(1497, 'ligula. Aliquam erat volutpat.', 8, 0, 658, 1492),
(1498, 'quis diam luctus lobortis. Class aptent taciti sociosqu ad', 8, 0, 1240, 1492),
(1499, 'ipsum. Phasellus vitae mauris sit', 8, 0, 1235, 1492),
(1500, 'sit amet, consectetuer adipiscing elit. Curabitur sed tortor. Integer aliquam', 8, 0, 1055, 1492),
(1502, 'amet orci. Ut sagittis lobortis mauris.', 3, 0, 673, 1501),
(1503, 'magna sed dui. Fusce aliquam, enim nec', 3, 0, 622, 1501),
(1504, 'sit amet, risus. Donec', 3, 0, 1250, 1501),
(1506, 'In lorem. Donec elementum, lorem ut aliquam iaculis, lacus pede', 4, 0, 1027, 1505),
(1507, 'vehicula et, rutrum eu, ultrices sit amet, risus. Donec', 4, 0, 1163, 1505),
(1508, 'sit amet, consectetuer adipiscing elit. Curabitur sed tortor. Integer aliquam', 4, 0, 635, 1505),
(1509, 'enim nec tempus scelerisque,', 4, 0, 1208, 1505),
(1511, 'nec urna et arcu', 3, 0, 1041, 1510),
(1512, 'Donec feugiat metus sit amet ante. Vivamus non', 3, 0, 655, 1510),
(1513, 'nostra, per inceptos hymenaeos.', 3, 0, 649, 1510),
(1515, 'sed sem egestas blandit. Nam nulla magna,', 2, 0, 626, 1514),
(1516, 'tincidunt pede ac urna. Ut', 2, 0, 1138, 1514),
(1518, 'condimentum eget, volutpat ornare, facilisis eget, ipsum.', 2, 0, 1138, 1517),
(1519, 'cursus non, egestas a, dui. Cras pellentesque. Sed dictum. Proin', 2, 0, 1078, 1517),
(1521, 'Nulla aliquet. Proin velit.', 4, 0, 672, 1520),
(1522, 'in, tempus eu, ligula. Aenean euismod mauris eu elit.', 4, 0, 678, 1520),
(1523, 'quis accumsan convallis, ante lectus convallis est,', 4, 0, 1185, 1520),
(1524, 'Cum sociis natoque penatibus et magnis dis parturient', 4, 0, 622, 1520),
(1526, 'ac facilisis facilisis, magna tellus faucibus leo, in lobortis', 1, 0, 676, 1525),
(1528, 'ullamcorper, nisl arcu iaculis enim, sit amet ornare lectus justo', 1, 0, 621, 1527),
(1530, 'at, velit. Cras lorem lorem, luctus', 11, 0, 1172, 1529),
(1531, 'gravida. Praesent eu nulla at', 11, 0, 1237, 1529),
(1532, 'in, tempus eu, ligula. Aenean euismod mauris eu elit.', 11, 0, 660, 1529),
(1533, 'gravida mauris ut mi.', 11, 0, 1038, 1529),
(1534, 'ullamcorper, nisl arcu', 11, 0, 648, 1529),
(1535, 'nunc. In at pede. Cras', 11, 0, 1158, 1529),
(1536, 'mus. Donec dignissim magna', 11, 0, 1220, 1529),
(1537, 'ipsum. Phasellus vitae mauris sit', 11, 0, 1052, 1529),
(1538, 'lorem, eget mollis lectus', 11, 0, 1040, 1529),
(1539, 'laoreet ipsum. Curabitur consequat, lectus sit amet luctus', 11, 0, 1141, 1529),
(1540, 'lacinia at, iaculis quis, pede. Praesent', 11, 0, 1177, 1529),
(1542, 'pretium neque. Morbi quis urna. Nunc quis', 4, 0, 1121, 1541),
(1543, 'laoreet ipsum. Curabitur consequat, lectus sit amet luctus', 4, 0, 1116, 1541),
(1544, 'non, feugiat nec, diam. Duis mi enim, condimentum', 4, 0, 1231, 1541),
(1545, 'ullamcorper, nisl arcu iaculis enim, sit amet ornare lectus justo', 4, 0, 1111, 1541),
(1547, 'ac facilisis facilisis, magna tellus faucibus leo, in lobortis', 2, 0, 1059, 1546),
(1548, 'egestas. Duis ac arcu.', 2, 0, 1034, 1546),
(1550, 'Cum sociis natoque penatibus', 4, 0, 1196, 1549),
(1551, 'rutrum, justo. Praesent luctus. Curabitur egestas nunc', 4, 0, 1136, 1549),
(1552, 'Phasellus ornare. Fusce mollis. Duis', 4, 0, 1072, 1549),
(1553, 'non justo. Proin non massa non ante bibendum', 4, 0, 1016, 1549),
(1555, 'diam. Proin dolor. Nulla semper tellus id nunc', 3, 0, 1037, 1554),
(1556, 'at, velit. Pellentesque', 3, 0, 645, 1554),
(1557, 'diam. Proin dolor. Nulla semper tellus id nunc', 3, 0, 1157, 1554),
(1559, 'nunc. In at pede. Cras', 5, 0, 1090, 1558),
(1560, 'eu nibh vulputate mauris sagittis placerat. Cras dictum', 5, 0, 670, 1558),
(1561, 'sit amet, risus. Donec', 5, 0, 1084, 1558),
(1562, 'quis massa. Mauris vestibulum, neque sed', 5, 0, 638, 1558),
(1563, 'ullamcorper, nisl arcu iaculis enim, sit amet ornare lectus justo', 5, 0, 632, 1558),
(1565, 'non, vestibulum nec,', 2, 0, 666, 1564),
(1566, 'Cum sociis natoque penatibus', 2, 0, 1066, 1564),
(1568, 'tincidunt adipiscing. Mauris molestie', 10, 0, 1036, 1567),
(1569, 'Cum sociis natoque penatibus', 10, 0, 1022, 1567),
(1570, 'vitae, orci. Phasellus dapibus', 10, 0, 1080, 1567),
(1571, 'Aenean eget magna. Suspendisse tristique neque venenatis', 10, 0, 1142, 1567),
(1572, 'eleifend egestas. Sed pharetra, felis eget varius ultrices,', 10, 0, 644, 1567),
(1573, 'magna nec quam. Curabitur', 10, 0, 1212, 1567),
(1574, 'sit amet, risus. Donec', 10, 0, 628, 1567),
(1575, 'quis diam luctus lobortis. Class aptent taciti sociosqu ad', 10, 0, 630, 1567),
(1576, 'vehicula et, rutrum eu, ultrices sit amet, risus. Donec', 10, 0, 1156, 1567),
(1577, 'pulvinar arcu et pede. Nunc sed orci lobortis augue scelerisque', 10, 0, 1032, 1567),
(1579, 'eleifend egestas. Sed pharetra, felis eget varius ultrices,', 2, 0, 1197, 1578),
(1580, 'Nulla aliquet. Proin velit.', 2, 0, 1153, 1578),
(1582, 'ac facilisis facilisis, magna tellus faucibus leo, in lobortis', 1, 0, 1139, 1581),
(1584, 'cursus non, egestas a, dui. Cras pellentesque. Sed dictum. Proin', 2, 0, 680, 1583),
(1585, 'adipiscing, enim mi tempor lorem,', 2, 0, 1196, 1583),
(1587, 'gravida molestie arcu.', 6, 0, 1143, 1586),
(1588, 'laoreet posuere, enim nisl elementum purus, accumsan', 6, 0, 1235, 1586),
(1589, 'Mauris quis turpis vitae', 6, 0, 631, 1586),
(1590, 'Vivamus nibh dolor, nonummy ac, feugiat non, lobortis', 6, 0, 1145, 1586),
(1591, 'ullamcorper, nisl arcu iaculis enim, sit amet ornare lectus justo', 6, 0, 1023, 1586),
(1592, 'Cum sociis natoque penatibus et magnis dis parturient', 6, 0, 1120, 1586),
(1594, 'eleifend nec, malesuada ut,', 4, 0, 1095, 1593),
(1595, 'non justo. Proin non massa non ante bibendum', 4, 0, 645, 1593),
(1596, 'sed sem egestas blandit. Nam nulla magna,', 4, 0, 1155, 1593),
(1597, 'laoreet ipsum. Curabitur consequat, lectus sit amet luctus', 4, 0, 1215, 1593),
(1599, 'laoreet posuere, enim nisl elementum purus, accumsan', 5, 0, 1048, 1598),
(1600, 'lacinia at, iaculis quis, pede. Praesent', 5, 0, 1233, 1598),
(1601, 'sit amet, consectetuer adipiscing elit. Curabitur sed tortor. Integer aliquam', 5, 0, 1228, 1598),
(1602, 'risus. Quisque libero lacus, varius et,', 5, 0, 1113, 1598),
(1603, 'ipsum. Phasellus vitae mauris sit', 5, 0, 1249, 1598),
(1605, 'Aenean gravida nunc sed pede. Cum', 9, 0, 1022, 1604),
(1606, 'amet nulla. Donec non justo. Proin', 9, 0, 644, 1604),
(1607, 'Mauris quis turpis vitae', 9, 0, 1096, 1604),
(1608, 'Phasellus ornare. Fusce mollis. Duis', 9, 0, 1140, 1604),
(1609, 'ultrices iaculis odio. Nam interdum enim non nisi. Aenean', 9, 0, 1212, 1604),
(1610, 'sit amet, risus. Donec', 9, 0, 1202, 1604),
(1611, 'in, tempus eu, ligula. Aenean euismod mauris eu elit.', 9, 0, 630, 1604),
(1612, 'pulvinar arcu et pede. Nunc sed orci lobortis augue scelerisque', 9, 0, 1142, 1604),
(1613, 'rutrum, justo. Praesent luctus. Curabitur egestas nunc', 9, 0, 628, 1604),
(1615, 'lectus pede et', 5, 0, 1210, 1614),
(1616, 'Aenean massa. Integer vitae nibh. Donec est mauris,', 5, 0, 1062, 1614),
(1617, 'laoreet posuere, enim nisl elementum purus, accumsan', 5, 0, 1090, 1614),
(1618, 'nec urna et arcu', 5, 0, 1024, 1614),
(1619, 'ligula. Aliquam erat volutpat.', 5, 0, 1204, 1614),
(1621, 'diam. Proin dolor. Nulla semper tellus id nunc', 11, 0, 662, 1620),
(1622, 'dui augue eu tellus.', 11, 0, 1169, 1620),
(1623, 'Nullam enim. Sed nulla ante, iaculis nec,', 11, 0, 1093, 1620),
(1624, 'Nulla aliquet. Proin velit.', 11, 0, 1174, 1620),
(1625, 'egestas. Duis ac arcu.', 11, 0, 1109, 1620),
(1626, 'tincidunt adipiscing. Mauris molestie', 11, 0, 654, 1620),
(1627, 'non, vestibulum nec,', 11, 0, 1054, 1620),
(1628, 'tincidunt adipiscing. Mauris molestie', 11, 0, 641, 1620),
(1629, 'dignissim magna a tortor. Nunc commodo auctor velit. Aliquam', 11, 0, 1017, 1620),
(1630, 'Nulla aliquet. Proin velit.', 11, 0, 1049, 1620),
(1631, 'ultrices iaculis odio. Nam interdum enim non nisi. Aenean', 11, 0, 1137, 1620),
(1633, 'imperdiet non, vestibulum nec, euismod in,', 7, 0, 1201, 1632),
(1634, 'eleifend nec, malesuada ut,', 7, 0, 1100, 1632),
(1635, 'Nullam feugiat placerat velit. Quisque varius. Nam porttitor', 7, 0, 1172, 1632),
(1636, 'gravida mauris ut mi.', 7, 0, 1038, 1632),
(1637, 'Nulla aliquet. Proin velit.', 7, 0, 1052, 1632),
(1638, 'Nullam feugiat placerat velit. Quisque varius. Nam porttitor', 7, 0, 1081, 1632),
(1639, 'In lorem. Donec elementum, lorem ut aliquam iaculis, lacus pede', 7, 0, 1158, 1632),
(1641, 'Phasellus ornare. Fusce mollis. Duis sit amet diam eu', 7, 0, 1022, 1640),
(1642, 'adipiscing, enim mi tempor lorem,', 7, 0, 640, 1640),
(1643, 'ligula. Aliquam erat volutpat.', 7, 0, 1142, 1640),
(1644, 'id nunc interdum feugiat. Sed nec', 7, 0, 1020, 1640),
(1645, 'nec urna et arcu', 7, 0, 1082, 1640),
(1646, 'Vivamus nibh dolor, nonummy ac, feugiat non, lobortis', 7, 0, 1216, 1640),
(1647, 'gravida molestie arcu.', 7, 0, 1200, 1640),
(1649, 'ipsum. Phasellus vitae mauris sit', 1, 0, 674, 1648),
(1651, 'Nullam feugiat placerat velit. Quisque varius. Nam porttitor', 5, 0, 1089, 1650),
(1652, 'diam. Proin dolor. Nulla semper tellus id nunc', 5, 0, 1071, 1650),
(1653, 'ullamcorper, nisl arcu', 5, 0, 1191, 1650),
(1654, 'Cum sociis natoque penatibus', 5, 0, 1029, 1650),
(1655, 'gravida molestie arcu.', 5, 0, 637, 1650),
(1657, 'Duis cursus, diam at pretium aliquet,', 3, 0, 1015, 1656),
(1658, 'at, velit. Pellentesque', 3, 0, 1123, 1656),
(1659, 'condimentum eget, volutpat ornare, facilisis eget, ipsum.', 3, 0, 623, 1656),
(1661, 'nec urna et arcu', 12, 0, 633, 1660),
(1662, 'pede blandit congue. In scelerisque', 12, 0, 1145, 1660),
(1663, 'Aenean gravida nunc sed pede. Cum', 12, 0, 1083, 1660),
(1664, 'pharetra. Quisque ac libero nec ligula consectetuer', 12, 0, 1120, 1660),
(1665, 'sit amet, risus. Donec', 12, 0, 1230, 1660),
(1666, 'Phasellus ornare. Fusce mollis. Duis', 12, 0, 658, 1660),
(1667, 'lorem, eget mollis lectus', 12, 0, 1055, 1660),
(1668, 'Aenean gravida nunc sed pede. Cum', 12, 0, 1180, 1660),
(1669, 'erat neque non quam. Pellentesque habitant', 12, 0, 1023, 1660),
(1670, 'id ante dictum cursus. Nunc mauris elit,', 12, 0, 1170, 1660),
(1671, 'Aenean eget magna. Suspendisse tristique neque venenatis', 12, 0, 1060, 1660),
(1672, 'rutrum, justo. Praesent luctus. Curabitur egestas nunc', 12, 0, 1143, 1660),
(1674, 'Phasellus ornare. Fusce mollis. Duis sit amet diam eu', 2, 0, 1127, 1673),
(1675, 'erat neque non quam. Pellentesque habitant', 2, 0, 1067, 1673),
(1677, 'aliquam iaculis, lacus pede sagittis', 3, 0, 634, 1676),
(1678, 'gravida mauris ut mi.', 3, 0, 1026, 1676),
(1679, 'non justo. Proin non massa non ante bibendum', 3, 0, 1186, 1676),
(1681, 'quis diam luctus lobortis. Class aptent taciti sociosqu ad', 2, 0, 1071, 1680),
(1682, 'sit amet, consectetuer adipiscing elit. Curabitur sed tortor. Integer aliquam', 2, 0, 1251, 1680),
(1684, 'ipsum. Phasellus vitae mauris sit', 7, 0, 1173, 1683),
(1685, 'sagittis lobortis mauris. Suspendisse aliquet molestie tellus.', 7, 0, 1108, 1683),
(1686, 'vitae aliquam eros turpis non enim.', 7, 0, 1228, 1683),
(1687, 'dui. Cras pellentesque. Sed', 7, 0, 1069, 1683),
(1688, 'pharetra. Quisque ac libero nec ligula consectetuer', 7, 0, 1129, 1683),
(1689, 'at, iaculis quis, pede. Praesent eu', 7, 0, 1048, 1683),
(1690, 'quis accumsan convallis, ante lectus convallis est,', 7, 0, 656, 1683),
(1692, 'elit sed consequat', 3, 0, 1119, 1691),
(1693, 'egestas. Duis ac arcu.', 3, 0, 1188, 1691),
(1694, 'tincidunt pede ac urna. Ut', 3, 0, 1094, 1691),
(1696, 'non, feugiat nec, diam. Duis mi enim, condimentum', 9, 0, 1197, 1695),
(1697, 'vitae, orci. Phasellus dapibus', 9, 0, 1229, 1695),
(1698, 'ullamcorper, nisl arcu iaculis enim, sit amet ornare lectus justo', 9, 0, 1114, 1695),
(1699, 'elit sed consequat', 9, 0, 1093, 1695),
(1700, 'at, iaculis quis, pede. Praesent eu', 9, 0, 1166, 1695),
(1701, 'dui augue eu tellus.', 9, 0, 1046, 1695),
(1702, 'quis accumsan convallis, ante lectus convallis est,', 9, 0, 1033, 1695),
(1703, 'sed sem egestas blandit. Nam nulla magna,', 9, 0, 641, 1695),
(1704, 'at, velit. Cras lorem lorem, luctus', 9, 0, 1213, 1695),
(1706, 'pulvinar arcu et pede. Nunc sed orci lobortis augue scelerisque', 9, 0, 635, 1705),
(1707, 'lacinia at, iaculis quis, pede. Praesent', 9, 0, 1088, 1705),
(1708, 'Nullam feugiat placerat velit. Quisque varius. Nam porttitor', 9, 0, 1043, 1705),
(1709, 'amet orci. Ut sagittis lobortis mauris.', 9, 0, 652, 1705),
(1710, 'quis diam luctus lobortis. Class aptent taciti sociosqu ad', 9, 0, 636, 1705),
(1711, 'elit sed consequat', 9, 0, 1223, 1705),
(1712, 'Mauris quis turpis vitae', 9, 0, 1148, 1705),
(1713, 'pretium neque. Morbi quis urna. Nunc quis', 9, 0, 651, 1705),
(1714, 'Cum sociis natoque penatibus et magnis dis parturient', 9, 0, 1027, 1705),
(1716, 'adipiscing, enim mi tempor lorem,', 3, 0, 1127, 1715),
(1717, 'sit amet ante. Vivamus non lorem vitae', 3, 0, 1247, 1715),
(1718, 'rutrum, justo. Praesent luctus. Curabitur egestas nunc', 3, 0, 1045, 1715),
(1720, 'quis diam luctus lobortis. Class aptent taciti sociosqu ad', 4, 0, 1097, 1719),
(1721, 'Nullam enim. Sed nulla ante, iaculis nec,', 4, 0, 1157, 1719),
(1722, 'sit amet, risus. Donec', 4, 0, 1095, 1719),
(1723, 'sit amet ornare lectus justo eu arcu.', 4, 0, 1215, 1719),
(1725, 'Aenean massa. Integer vitae nibh. Donec est mauris,', 5, 0, 630, 1724),
(1726, 'eleifend nec, malesuada ut,', 5, 0, 1202, 1724),
(1727, 'ipsum. Phasellus vitae mauris sit', 5, 0, 1022, 1724),
(1728, 'dui. Cras pellentesque. Sed', 5, 0, 1020, 1724),
(1729, 'adipiscing, enim mi tempor lorem,', 5, 0, 1140, 1724),
(1731, 'Aenean gravida nunc sed pede. Cum', 10, 0, 1190, 1730),
(1732, 'lorem, eget mollis lectus', 10, 0, 1074, 1730),
(1733, 'in, tempus eu, ligula. Aenean euismod mauris eu elit.', 10, 0, 1244, 1730),
(1734, 'quis accumsan convallis, ante lectus convallis est,', 10, 0, 1014, 1730),
(1735, 'Vivamus nisi. Mauris nulla. Integer urna. Vivamus molestie', 10, 0, 1185, 1730),
(1736, 'adipiscing, enim mi tempor lorem,', 10, 0, 1125, 1730),
(1737, 'ultrices iaculis odio. Nam interdum enim non nisi. Aenean', 10, 0, 1065, 1730),
(1738, 'Vivamus nisi. Mauris nulla. Integer urna. Vivamus molestie', 10, 0, 1134, 1730),
(1739, 'lectus pede et', 10, 0, 622, 1730),
(1740, 'Phasellus ornare. Fusce mollis. Duis sit amet diam eu', 10, 0, 678, 1730),
(1742, 'laoreet ipsum. Curabitur consequat, lectus sit amet luctus', 9, 0, 1224, 1741),
(1743, 'quis massa. Mauris vestibulum, neque sed', 9, 0, 1148, 1741),
(1744, 'gravida. Praesent eu nulla at', 9, 0, 651, 1741),
(1745, 'non, vestibulum nec,', 9, 0, 1104, 1741),
(1746, 'gravida. Praesent eu nulla at', 9, 0, 1207, 1741),
(1747, 'In lorem. Donec elementum, lorem ut aliquam iaculis, lacus pede', 9, 0, 1208, 1741),
(1748, 'nunc. In at pede. Cras', 9, 0, 1163, 1741),
(1749, 'imperdiet ullamcorper. Duis at lacus. Quisque purus sapien, gravida non,', 9, 0, 1027, 1741),
(1750, 'Aenean gravida nunc sed pede. Cum', 9, 0, 1028, 1741),
(1752, 'Mauris quis turpis vitae', 4, 0, 1247, 1751),
(1753, 'Mauris quis turpis vitae', 4, 0, 1045, 1751),
(1754, 'Vivamus nibh dolor, nonummy ac, feugiat non, lobortis', 4, 0, 1187, 1751),
(1755, 'id ante dictum cursus. Nunc mauris elit,', 4, 0, 675, 1751),
(1757, 'egestas. Duis ac arcu.', 2, 0, 1215, 1756),
(1758, 'vehicula et, rutrum eu, ultrices sit amet, risus. Donec', 2, 0, 1217, 1756),
(1760, 'sed sem egestas blandit. Nam nulla magna,', 10, 0, 1020, 1759),
(1761, 'sit amet ornare lectus justo eu arcu.', 10, 0, 640, 1759),
(1762, 'sit amet ante. Vivamus non lorem vitae', 10, 0, 1202, 1759),
(1763, 'tincidunt pede ac urna. Ut', 10, 0, 630, 1759),
(1764, 'fermentum convallis ligula. Donec luctus aliquet odio. Etiam', 10, 0, 1216, 1759),
(1765, 'at, velit. Pellentesque', 10, 0, 1092, 1759),
(1766, 'rutrum, justo. Praesent luctus. Curabitur egestas nunc', 10, 0, 1022, 1759),
(1767, 'vel, convallis in, cursus et, eros.', 10, 0, 1096, 1759),
(1768, 'nostra, per inceptos hymenaeos.', 10, 0, 1140, 1759),
(1769, 'sit amet, consectetuer adipiscing elit. Curabitur sed tortor. Integer aliquam', 10, 0, 628, 1759),
(1771, 'tincidunt pede ac urna. Ut', 6, 0, 1074, 1770),
(1772, 'egestas. Duis ac arcu.', 6, 0, 1130, 1770),
(1773, 'Cum sociis natoque penatibus et magnis dis parturient', 6, 0, 672, 1770),
(1774, 'imperdiet non, vestibulum nec, euismod in,', 6, 0, 1124, 1770),
(1775, 'id nunc interdum feugiat. Sed nec', 6, 0, 1190, 1770),
(1776, 'at, velit. Pellentesque', 6, 0, 678, 1770),
(1778, 'fermentum convallis ligula. Donec luctus aliquet odio. Etiam', 6, 0, 651, 1777),
(1779, 'pharetra. Quisque ac libero nec ligula consectetuer', 6, 0, 1028, 1777),
(1780, 'ipsum. Phasellus vitae mauris sit', 6, 0, 1224, 1777),
(1781, 'sit amet, consectetuer adipiscing elit. Curabitur sed tortor. Integer aliquam', 6, 0, 1208, 1777),
(1782, 'eu nibh vulputate mauris sagittis placerat. Cras dictum', 6, 0, 652, 1777),
(1783, 'sagittis felis. Donec tempor, est ac mattis semper, dui lectus', 6, 0, 1104, 1777),
(1785, 'varius et, euismod et, commodo at, libero. Morbi accumsan laoreet', 4, 0, 653, 1784),
(1786, 'vitae, orci. Phasellus dapibus', 4, 0, 1127, 1784),
(1787, 'nec urna et arcu', 4, 0, 1165, 1784),
(1788, 'imperdiet ullamcorper. Duis at lacus. Quisque purus sapien, gravida non,', 4, 0, 675, 1784),
(1790, 'ante ipsum primis in faucibus orci luctus et ultrices posuere', 1, 0, 643, 1789),
(1792, 'sit amet, risus. Donec', 9, 0, 1036, 1791),
(1793, 'gravida mauris ut mi.', 9, 0, 644, 1791),
(1794, 'quis accumsan convallis, ante lectus convallis est,', 9, 0, 1156, 1791),
(1795, 'diam. Proin dolor. Nulla semper tellus id nunc', 9, 0, 628, 1791),
(1796, 'sit amet, risus. Donec', 9, 0, 1216, 1791),
(1797, 'laoreet posuere, enim nisl elementum purus, accumsan', 9, 0, 1080, 1791),
(1798, 'ipsum. Phasellus vitae mauris sit', 9, 0, 630, 1791),
(1799, 'varius et, euismod et, commodo at, libero. Morbi accumsan laoreet', 9, 0, 1142, 1791),
(1800, 'in, tempus eu, ligula. Aenean euismod mauris eu elit.', 9, 0, 1082, 1791),
(1802, 'vitae aliquam eros turpis non enim.', 9, 0, 1125, 1801),
(1803, 'condimentum eget, volutpat ornare, facilisis eget, ipsum.', 9, 0, 1190, 1801),
(1804, 'sed sem egestas blandit. Nam nulla magna,', 9, 0, 1065, 1801),
(1805, 'pharetra. Quisque ac libero nec ligula consectetuer', 9, 0, 672, 1801),
(1806, 'Mauris quis turpis vitae', 9, 0, 1070, 1801),
(1807, 'magna sed dui. Fusce aliquam, enim nec', 9, 0, 1194, 1801),
(1808, 'imperdiet non, vestibulum nec, euismod in,', 9, 0, 1014, 1801),
(1809, 'vitae aliquam eros turpis non enim.', 9, 0, 1130, 1801),
(1810, 'in, tempus eu, ligula. Aenean euismod mauris eu elit.', 9, 0, 622, 1801),
(1812, 'laoreet ipsum. Curabitur consequat, lectus sit amet luctus', 5, 0, 646, 1811),
(1813, 'sit amet, consectetuer adipiscing elit. Curabitur sed tortor. Integer aliquam', 5, 0, 1040, 1811),
(1814, 'diam. Proin dolor. Nulla semper tellus id nunc', 5, 0, 1201, 1811),
(1815, 'non justo. Proin non massa non ante bibendum', 5, 0, 1112, 1811),
(1816, 'non, vestibulum nec,', 5, 0, 1172, 1811),
(1818, 'eu nibh vulputate mauris sagittis placerat. Cras dictum', 1, 0, 1047, 1817),
(1820, 'Nullam feugiat placerat velit. Quisque varius. Nam porttitor', 1, 0, 1187, 1819),
(1822, 'lectus pede et', 5, 0, 635, 1821),
(1823, 'condimentum eget, volutpat ornare, facilisis eget, ipsum.', 5, 0, 1207, 1821),
(1824, 'Nullam feugiat placerat velit. Quisque varius. Nam porttitor', 5, 0, 652, 1821),
(1825, 'sagittis lobortis mauris. Suspendisse aliquet molestie tellus.', 5, 0, 1044, 1821),
(1826, 'mus. Donec dignissim magna', 5, 0, 1148, 1821),
(1828, 'sit amet ornare lectus justo eu arcu.', 3, 0, 1027, 1827),
(1829, 'Nullam feugiat placerat velit. Quisque varius. Nam porttitor', 3, 0, 1103, 1827),
(1830, 'ipsum. Phasellus vitae mauris sit', 3, 0, 1147, 1827),
(1832, 'Donec est mauris, rhoncus id, mollis', 5, 0, 623, 1831),
(1833, 'mus. Donec dignissim magna', 5, 0, 671, 1831),
(1834, 'nunc. In at pede. Cras', 5, 0, 1243, 1831),
(1835, 'Phasellus ornare. Fusce mollis. Duis sit amet diam eu', 5, 0, 1135, 1831),
(1836, 'nostra, per inceptos hymenaeos.', 5, 0, 1183, 1831),
(1838, 'non, feugiat nec, diam. Duis mi enim, condimentum', 3, 0, 1160, 1837),
(1839, 'dui. Cras pellentesque. Sed', 3, 0, 1081, 1837),
(1840, 'risus. Quisque libero lacus, varius et,', 3, 0, 1038, 1837),
(1842, 'magna nec quam. Curabitur', 6, 0, 1112, 1841),
(1843, 'quis diam luctus lobortis. Class aptent taciti sociosqu ad', 6, 0, 1177, 1841),
(1844, 'adipiscing, enim mi tempor lorem,', 6, 0, 1160, 1841),
(1845, 'aliquet, metus urna convallis erat, eget tincidunt dui', 6, 0, 648, 1841),
(1846, 'Duis cursus, diam at pretium aliquet,', 6, 0, 646, 1841),
(1847, 'lectus pede et', 6, 0, 1141, 1841),
(1849, 'aliquet, metus urna convallis erat, eget tincidunt dui', 6, 0, 1205, 1848),
(1850, 'non justo. Proin non massa non ante bibendum', 6, 0, 1115, 1848),
(1851, 'id ante dictum cursus. Nunc mauris elit,', 6, 0, 1175, 1848),
(1852, 'pulvinar arcu et pede. Nunc sed orci lobortis augue scelerisque', 6, 0, 1055, 1848),
(1853, 'adipiscing, enim mi tempor lorem,', 6, 0, 1170, 1848),
(1854, 'dignissim magna a tortor. Nunc commodo auctor velit. Aliquam', 6, 0, 1060, 1848),
(1856, 'vel, convallis in, cursus et, eros.', 2, 0, 1230, 1855),
(1857, 'dignissim magna a tortor. Nunc commodo auctor velit. Aliquam', 2, 0, 1055, 1855),
(1859, 'imperdiet non, vestibulum nec, euismod in,', 6, 0, 1238, 1858),
(1860, 'risus. Quisque libero lacus, varius et,', 6, 0, 1066, 1858),
(1861, 'magna sed dui. Fusce aliquam, enim nec', 6, 0, 666, 1858),
(1862, 'in, tempus eu, ligula. Aenean euismod mauris eu elit.', 6, 0, 674, 1858),
(1863, 'Vivamus nibh dolor, nonummy ac, feugiat non, lobortis', 6, 0, 1026, 1858),
(1864, 'Cum sociis natoque penatibus', 6, 0, 1246, 1858),
(1866, 'adipiscing, enim mi tempor lorem,', 11, 0, 1054, 1865),
(1867, 'at, velit. Cras lorem lorem, luctus', 11, 0, 1114, 1865),
(1868, 'Nulla aliquet. Proin velit.', 11, 0, 641, 1865),
(1869, 'amet orci. Ut sagittis lobortis mauris.', 11, 0, 662, 1865),
(1870, 'egestas. Duis ac arcu.', 11, 0, 1166, 1865),
(1871, 'risus. Quisque libero lacus, varius et,', 11, 0, 1109, 1865),
(1872, 'In lorem. Donec elementum, lorem ut aliquam iaculis, lacus pede', 11, 0, 1174, 1865),
(1873, 'eleifend egestas. Sed pharetra, felis eget varius ultrices,', 11, 0, 1226, 1865),
(1874, 'Cum sociis natoque penatibus et magnis dis parturient', 11, 0, 625, 1865),
(1875, 'In faucibus. Morbi vehicula. Pellentesque tincidunt tempus', 11, 0, 1153, 1865),
(1876, 'Donec est mauris, rhoncus id, mollis', 11, 0, 1213, 1865),
(1878, 'lorem, eget mollis lectus', 1, 0, 1211, 1877),
(1880, 'ante ipsum primis in faucibus orci luctus et ultrices posuere', 2, 0, 1156, 1879),
(1881, 'sit amet ornare lectus justo eu arcu.', 2, 0, 1202, 1879),
(1883, 'dignissim magna a tortor. Nunc commodo auctor velit. Aliquam', 1, 0, 1155, 1882),
(1885, 'tincidunt adipiscing. Mauris molestie', 10, 0, 1244, 1884),
(1886, 'elit sed consequat', 10, 0, 1194, 1884),
(1887, 'Aenean gravida nunc sed pede. Cum', 10, 0, 1125, 1884),
(1888, 'gravida mauris ut mi.', 10, 0, 1130, 1884),
(1889, 'at, velit. Cras lorem lorem, luctus', 10, 0, 1134, 1884),
(1890, 'ultrices iaculis odio. Nam interdum enim non nisi. Aenean', 10, 0, 672, 1884),
(1891, 'Aenean eget magna. Suspendisse tristique neque venenatis', 10, 0, 1184, 1884),
(1892, 'ligula. Aliquam erat volutpat.', 10, 0, 1074, 1884),
(1893, 'vel, convallis in, cursus et, eros.', 10, 0, 1245, 1884),
(1894, 'id nunc interdum feugiat. Sed nec', 10, 0, 1065, 1884),
(1896, 'imperdiet ullamcorper. Duis at lacus. Quisque purus sapien, gravida non,', 2, 0, 1198, 1895),
(1897, 'rutrum, justo. Praesent luctus. Curabitur egestas nunc', 2, 0, 626, 1895),
(1899, 'nostra, per inceptos hymenaeos.', 2, 0, 1117, 1898),
(1900, 'sagittis lobortis mauris. Suspendisse aliquet molestie tellus.', 2, 0, 1201, 1898),
(1902, 'gravida. Praesent eu nulla at', 8, 0, 657, 1901),
(1903, 'diam. Proin dolor. Nulla semper tellus id nunc', 8, 0, 1046, 1901),
(1904, 'sit amet ante. Vivamus non lorem vitae', 8, 0, 1213, 1901),
(1905, 'nonummy ultricies ornare, elit elit fermentum risus, at fringilla purus', 8, 0, 1114, 1901),
(1906, 'varius et, euismod et, commodo at, libero. Morbi accumsan laoreet', 8, 0, 1153, 1901),
(1907, 'id ante dictum cursus. Nunc mauris elit,', 8, 0, 641, 1901),
(1908, 'elit sed consequat', 8, 0, 1017, 1901),
(1909, 'vehicula et, rutrum eu, ultrices sit amet, risus. Donec', 8, 0, 1106, 1901),
(1911, 'tincidunt adipiscing. Mauris molestie', 4, 0, 1112, 1910),
(1912, 'tincidunt adipiscing. Mauris molestie', 4, 0, 1057, 1910),
(1913, 'nec urna et arcu', 4, 0, 1141, 1910),
(1914, 'varius et, euismod et, commodo at, libero. Morbi accumsan laoreet', 4, 0, 1218, 1910),
(1916, 'in, tempus eu, ligula. Aenean euismod mauris eu elit.', 1, 0, 1225, 1915),
(1918, 'sit amet ante. Vivamus non lorem vitae', 2, 0, 633, 1917),
(1919, 'at, iaculis quis, pede. Praesent eu', 2, 0, 1240, 1917),
(1921, 'vitae aliquam eros turpis non enim.', 1, 0, 627, 1920),
(1923, 'pede blandit congue. In scelerisque', 1, 0, 1181, 1922),
(1925, 'sit amet, consectetuer adipiscing elit. Curabitur sed tortor. Integer aliquam', 1, 0, 1015, 1924),
(1927, 'lacinia at, iaculis quis, pede. Praesent', 6, 0, 1189, 1926),
(1928, 'erat neque non quam. Pellentesque habitant', 6, 0, 661, 1926),
(1929, 'ac facilisis facilisis, magna tellus faucibus leo, in lobortis', 6, 0, 1233, 1926),
(1930, 'ullamcorper, nisl arcu iaculis enim, sit amet ornare lectus justo', 6, 0, 1249, 1926),
(1931, 'nunc. In at pede. Cras', 6, 0, 1069, 1926),
(1932, 'mus. Donec dignissim magna', 6, 0, 1129, 1926),
(1934, 'Phasellus ornare. Fusce mollis. Duis', 4, 0, 1015, 1933),
(1935, 'in, tempus eu, ligula. Aenean euismod mauris eu elit.', 4, 0, 671, 1933),
(1936, 'in, tempus eu, ligula. Aenean euismod mauris eu elit.', 4, 0, 623, 1933),
(1937, 'erat neque non quam. Pellentesque habitant', 4, 0, 1075, 1933),
(1939, 'non, feugiat nec, diam. Duis mi enim, condimentum', 10, 0, 1110, 1938),
(1940, 'sed sem egestas blandit. Nam nulla magna,', 10, 0, 1175, 1938),
(1941, 'id ante dictum cursus. Nunc mauris elit,', 10, 0, 1025, 1938),
(1942, 'gravida mauris ut mi.', 10, 0, 1203, 1938),
(1943, 'aliquet, metus urna convallis erat, eget tincidunt dui', 10, 0, 1050, 1938),
(1944, 'Nulla aliquet. Proin velit.', 10, 0, 631, 1938),
(1945, 'at, iaculis quis, pede. Praesent eu', 10, 0, 1060, 1938),
(1946, 'Duis cursus, diam at pretium aliquet,', 10, 0, 1085, 1938),
(1947, 'id nunc interdum feugiat. Sed nec', 10, 0, 633, 1938),
(1948, 'diam. Proin dolor. Nulla semper tellus id nunc', 10, 0, 1205, 1938),
(1950, 'id ante dictum cursus. Nunc mauris elit,', 10, 0, 678, 1949),
(1951, 'condimentum eget, volutpat ornare, facilisis eget, ipsum.', 10, 0, 1250, 1949),
(1952, 'gravida mauris ut mi.', 10, 0, 1070, 1949),
(1953, 'Vivamus nisi. Mauris nulla. Integer urna. Vivamus molestie', 10, 0, 1184, 1949),
(1954, 'In faucibus. Morbi vehicula. Pellentesque tincidunt tempus', 10, 0, 1074, 1949),
(1955, 'quis diam luctus lobortis. Class aptent taciti sociosqu ad', 10, 0, 622, 1949),
(1956, 'varius et, euismod et, commodo at, libero. Morbi accumsan laoreet', 10, 0, 1065, 1949),
(1957, 'dui. Cras pellentesque. Sed', 10, 0, 1244, 1949),
(1958, 'In faucibus. Morbi vehicula. Pellentesque tincidunt tempus', 10, 0, 1194, 1949),
(1959, 'nec urna et arcu', 10, 0, 1134, 1949),
(1961, 'Mauris quis turpis vitae', 4, 0, 651, 1960),
(1962, 'fermentum convallis ligula. Donec luctus aliquet odio. Etiam', 4, 0, 1043, 1960),
(1963, 'vitae aliquam eros turpis non enim.', 4, 0, 1087, 1960),
(1964, 'pede blandit congue. In scelerisque', 4, 0, 1224, 1960),
(1966, 'Phasellus ornare. Fusce mollis. Duis', 1, 0, 649, 1965),
(1968, 'at, velit. Cras lorem lorem, luctus', 2, 0, 1078, 1967),
(1969, 'Vivamus nibh dolor, nonummy ac, feugiat non, lobortis', 2, 0, 1018, 1967),
(1971, 'Nullam feugiat placerat velit. Quisque varius. Nam porttitor', 1, 0, 1138, 1970),
(1973, 'Vivamus nibh dolor, nonummy ac, feugiat non, lobortis', 7, 0, 673, 1972),
(1974, 'enim nec tempus scelerisque,', 7, 0, 1194, 1972),
(1975, 'non, feugiat nec, diam. Duis mi enim, condimentum', 7, 0, 1014, 1972),
(1976, 'mus. Donec dignissim magna', 7, 0, 1124, 1972),
(1977, 'nonummy ultricies ornare, elit elit fermentum risus, at fringilla purus', 7, 0, 1130, 1972),
(1978, 'tincidunt adipiscing. Mauris molestie', 7, 0, 1125, 1972),
(1979, 'tincidunt adipiscing. Mauris molestie', 7, 0, 1134, 1972),
(1981, 'quis diam luctus lobortis. Class aptent taciti sociosqu ad', 4, 0, 1154, 1980),
(1982, 'laoreet posuere, enim nisl elementum purus, accumsan', 4, 0, 676, 1980),
(1983, 'pulvinar arcu et pede. Nunc sed orci lobortis augue scelerisque', 4, 0, 642, 1980),
(1984, 'Phasellus ornare. Fusce mollis. Duis', 4, 0, 1214, 1980),
(1986, 'pharetra. Quisque ac libero nec ligula consectetuer', 2, 0, 655, 1985),
(1987, 'vehicula et, rutrum eu, ultrices sit amet, risus. Donec', 2, 0, 649, 1985),
(1989, 'sit amet ante. Vivamus non lorem vitae', 5, 0, 1057, 1988),
(1990, 'sit amet, risus. Donec', 5, 0, 1237, 1988),
(1991, 'In lorem. Donec elementum, lorem ut aliquam iaculis, lacus pede', 5, 0, 1100, 1988),
(1992, 'amet nulla. Donec non justo. Proin', 5, 0, 665, 1988),
(1993, 'aliquet, metus urna convallis erat, eget tincidunt dui', 5, 0, 646, 1988),
(1995, 'quis diam luctus lobortis. Class aptent taciti sociosqu ad', 6, 0, 1176, 1994),
(1996, 'ligula. Aliquam erat volutpat.', 6, 0, 1061, 1994),
(1997, 'quis accumsan convallis, ante lectus convallis est,', 6, 0, 659, 1994),
(1998, 'Sed eu eros. Nam consequat dolor', 6, 0, 669, 1994),
(1999, 'amet orci. Ut sagittis lobortis mauris.', 6, 0, 1241, 1994),
(2000, 'Donec feugiat metus sit amet ante. Vivamus non', 6, 0, 1236, 1994),
(2002, 'dui. Cras pellentesque. Sed', 7, 0, 1248, 2001),
(2003, 'ac facilisis facilisis, magna tellus faucibus leo, in lobortis', 7, 0, 1059, 2001),
(2004, 'Donec est mauris, rhoncus id, mollis', 7, 0, 676, 2001),
(2005, 'laoreet ipsum. Curabitur consequat, lectus sit amet luctus', 7, 0, 1154, 2001),
(2006, 'rutrum, justo. Praesent luctus. Curabitur egestas nunc', 7, 0, 642, 2001),
(2007, 'in, tempus eu, ligula. Aenean euismod mauris eu elit.', 7, 0, 667, 2001),
(2008, 'Phasellus ornare. Fusce mollis. Duis', 7, 0, 1188, 2001),
(2010, 'sagittis felis. Donec tempor, est ac mattis semper, dui lectus', 2, 0, 1252, 2009),
(2011, 'non, feugiat nec, diam. Duis mi enim, condimentum', 2, 0, 680, 2009),
(2013, 'ante ipsum primis in faucibus orci luctus et ultrices posuere', 5, 0, 1215, 2012),
(2014, 'ante ipsum primis in faucibus orci luctus et ultrices posuere', 5, 0, 1095, 2012),
(2015, 'gravida mauris ut mi.', 5, 0, 1035, 2012),
(2016, 'ullamcorper, nisl arcu', 5, 0, 1155, 2012),
(2017, 'quis diam luctus lobortis. Class aptent taciti sociosqu ad', 5, 0, 643, 2012),
(2019, 'nostra, per inceptos hymenaeos.', 10, 0, 1122, 2018),
(2020, 'dignissim magna a tortor. Nunc commodo auctor velit. Aliquam', 10, 0, 1102, 2018),
(2021, 'ipsum. Phasellus vitae mauris sit', 10, 0, 1144, 2018),
(2022, 'dui. Cras pellentesque. Sed', 10, 0, 650, 2018),
(2023, 'gravida. Praesent eu nulla at', 10, 0, 638, 2018),
(2024, 'aliquet, metus urna convallis erat, eget tincidunt dui', 10, 0, 1210, 2018),
(2025, 'at, velit. Pellentesque', 10, 0, 1182, 2018),
(2026, 'ultrices iaculis odio. Nam interdum enim non nisi. Aenean', 10, 0, 632, 2018),
(2027, 'Vivamus nibh dolor, nonummy ac, feugiat non, lobortis', 10, 0, 1042, 2018),
(2028, 'tincidunt adipiscing. Mauris molestie', 10, 0, 1242, 2018),
(2030, 'sagittis felis. Donec tempor, est ac mattis semper, dui lectus', 5, 0, 1146, 2029),
(2031, 'ligula. Aliquam erat volutpat.', 5, 0, 1126, 2029),
(2032, 'aliquam iaculis, lacus pede sagittis', 5, 0, 1118, 2029),
(2033, 'sagittis felis. Donec tempor, est ac mattis semper, dui lectus', 5, 0, 1178, 2029),
(2034, 'aliquet, metus urna convallis erat, eget tincidunt dui', 5, 0, 1058, 2029),
(2036, 'quis accumsan convallis, ante lectus convallis est,', 9, 0, 1156, 2035),
(2037, 'Vivamus nibh dolor, nonummy ac, feugiat non, lobortis', 9, 0, 1140, 2035),
(2038, 'Vivamus nisi. Mauris nulla. Integer urna. Vivamus molestie', 9, 0, 1152, 2035),
(2039, 'nostra, per inceptos hymenaeos.', 9, 0, 1216, 2035),
(2040, 'tincidunt pede ac urna. Ut', 9, 0, 1082, 2035),
(2041, 'imperdiet ullamcorper. Duis at lacus. Quisque purus sapien, gravida non,', 9, 0, 630, 2035),
(2042, 'imperdiet non, vestibulum nec, euismod in,', 9, 0, 1096, 2035),
(2043, 'gravida molestie arcu.', 9, 0, 1202, 2035),
(2044, 'cursus non, egestas a, dui. Cras pellentesque. Sed dictum. Proin', 9, 0, 1022, 2035),
(2046, 'magna sed dui. Fusce aliquam, enim nec', 2, 0, 1017, 2045),
(2047, 'ipsum. Phasellus vitae mauris sit', 2, 0, 1234, 2045),
(2049, 'gravida molestie arcu.', 1, 0, 1139, 2048),
(2051, 'imperdiet ullamcorper. Duis at lacus. Quisque purus sapien, gravida non,', 2, 0, 624, 2050),
(2052, 'adipiscing, enim mi tempor lorem,', 2, 0, 680, 2050),
(2054, 'amet orci. Ut sagittis lobortis mauris.', 9, 0, 633, 2053),
(2055, 'Aenean massa. Integer vitae nibh. Donec est mauris,', 9, 0, 663, 2053),
(2056, 'dui augue eu tellus.', 9, 0, 1055, 2053),
(2057, 'laoreet ipsum. Curabitur consequat, lectus sit amet luctus', 9, 0, 1235, 2053),
(2058, 'condimentum eget, volutpat ornare, facilisis eget, ipsum.', 9, 0, 1023, 2053),
(2059, 'dui. Cras pellentesque. Sed', 9, 0, 1143, 2053),
(2060, 'pede blandit congue. In scelerisque', 9, 0, 1180, 2053),
(2061, 'vehicula et, rutrum eu, ultrices sit amet, risus. Donec', 9, 0, 1120, 2053),
(2062, 'Mauris quis turpis vitae', 9, 0, 1025, 2053),
(2064, 'risus. Quisque libero lacus, varius et,', 4, 0, 1095, 2063),
(2065, 'gravida molestie arcu.', 4, 0, 1215, 2063),
(2066, 'vitae aliquam eros turpis non enim.', 4, 0, 1155, 2063),
(2067, 'nec urna et arcu', 4, 0, 1037, 2063),
(2069, 'Aenean gravida nunc sed pede. Cum', 7, 0, 1069, 2068),
(2070, 'pharetra. Quisque ac libero nec ligula consectetuer', 7, 0, 1168, 2068),
(2071, 'mattis. Integer eu lacus.', 7, 0, 1108, 2068),
(2072, 'dui augue eu tellus.', 7, 0, 1173, 2068),
(2073, 'gravida. Praesent eu nulla at', 7, 0, 677, 2068),
(2074, 'imperdiet non, vestibulum nec, euismod in,', 7, 0, 1249, 2068),
(2075, 'amet orci. Ut sagittis lobortis mauris.', 7, 0, 1189, 2068),
(2077, 'nunc. In at pede. Cras', 5, 0, 1020, 2076),
(2078, 'fermentum convallis ligula. Donec luctus aliquet odio. Etiam', 5, 0, 1080, 2076),
(2079, 'quis diam luctus lobortis. Class aptent taciti sociosqu ad', 5, 0, 1022, 2076),
(2080, 'eleifend nec, malesuada ut,', 5, 0, 1032, 2076),
(2081, 'sagittis felis. Donec tempor, est ac mattis semper, dui lectus', 5, 0, 1142, 2076),
(2083, 'Donec feugiat metus sit amet ante. Vivamus non', 10, 0, 1030, 2082),
(2084, 'Phasellus ornare. Fusce mollis. Duis', 10, 0, 1062, 2082),
(2085, 'mattis. Integer eu lacus.', 10, 0, 1024, 2082),
(2086, 'aliquam iaculis, lacus pede sagittis', 10, 0, 1162, 2082),
(2087, 'ipsum. Phasellus vitae mauris sit', 10, 0, 1182, 2082),
(2088, 'quis diam luctus lobortis. Class aptent taciti sociosqu ad', 10, 0, 650, 2082),
(2089, 'lorem, eget mollis lectus', 10, 0, 1084, 2082),
(2090, 'vitae, orci. Phasellus dapibus', 10, 0, 1204, 2082),
(2091, 'non, feugiat nec, diam. Duis mi enim, condimentum', 10, 0, 1102, 2082),
(2092, 'id ante dictum cursus. Nunc mauris elit,', 10, 0, 1090, 2082),
(2094, 'Vivamus nibh dolor, nonummy ac, feugiat non, lobortis', 9, 0, 1017, 2093),
(2095, 'mattis. Integer eu lacus.', 9, 0, 1093, 2093),
(2096, 'In lorem. Donec elementum, lorem ut aliquam iaculis, lacus pede', 9, 0, 1077, 2093),
(2097, 'amet orci. Ut sagittis lobortis mauris.', 9, 0, 1174, 2093),
(2098, 'ultrices iaculis odio. Nam interdum enim non nisi. Aenean', 9, 0, 1109, 2093),
(2099, 'pharetra. Quisque ac libero nec ligula consectetuer', 9, 0, 1137, 2093),
(2100, 'Nullam enim. Sed nulla ante, iaculis nec,', 9, 0, 1169, 2093),
(2101, 'laoreet posuere, enim nisl elementum purus, accumsan', 9, 0, 1049, 2093),
(2102, 'Duis cursus, diam at pretium aliquet,', 9, 0, 657, 2093),
(2104, 'lacinia at, iaculis quis, pede. Praesent', 6, 0, 1040, 2103),
(2105, 'Cum sociis natoque penatibus', 6, 0, 1117, 2103),
(2106, 'pede blandit congue. In scelerisque', 6, 0, 1201, 2103),
(2107, 'aliquam iaculis, lacus pede sagittis', 6, 0, 1158, 2103),
(2108, 'Phasellus ornare. Fusce mollis. Duis', 6, 0, 1038, 2103),
(2109, 'In lorem. Donec elementum, lorem ut aliquam iaculis, lacus pede', 6, 0, 1021, 2103),
(2111, 'vitae, orci. Phasellus dapibus', 2, 0, 1212, 2110),
(2112, 'magna nec quam. Curabitur', 2, 0, 1080, 2110),
(2114, 'pede blandit congue. In scelerisque', 4, 0, 666, 2113),
(2115, 'gravida molestie arcu.', 4, 0, 1186, 2113),
(2116, 'Aenean massa. Integer vitae nibh. Donec est mauris,', 4, 0, 674, 2113),
(2117, 'quis massa. Mauris vestibulum, neque sed', 4, 0, 1086, 2113),
(2119, 'magna nec quam. Curabitur', 5, 0, 1089, 2118),
(2120, 'elit sed consequat', 5, 0, 1191, 2118);
INSERT INTO `item` (`id_item`, `description`, `quantity`, `version`, `id_product`, `id_order`) VALUES
(2121, 'quis massa. Mauris vestibulum, neque sed', 5, 0, 1149, 2118),
(2122, 'laoreet posuere, enim nisl elementum purus, accumsan', 5, 0, 1029, 2118),
(2123, 'Donec est mauris, rhoncus id, mollis', 5, 0, 679, 2118),
(2125, 'diam. Proin dolor. Nulla semper tellus id nunc', 2, 0, 1243, 2124),
(2126, 'at, velit. Cras lorem lorem, luctus', 2, 0, 1195, 2124),
(2128, 'pretium neque. Morbi quis urna. Nunc quis', 10, 0, 1170, 2127),
(2129, 'tincidunt pede ac urna. Ut', 10, 0, 1110, 2127),
(2130, 'mus. Donec dignissim magna', 10, 0, 1085, 2127),
(2131, 'nostra, per inceptos hymenaeos.', 10, 0, 1240, 2127),
(2132, 'sit amet, risus. Donec', 10, 0, 1083, 2127),
(2133, 'aliquam iaculis, lacus pede sagittis', 10, 0, 1145, 2127),
(2134, 'quis massa. Mauris vestibulum, neque sed', 10, 0, 668, 2127),
(2135, 'Cum sociis natoque penatibus', 10, 0, 1115, 2127),
(2136, 'tincidunt pede ac urna. Ut', 10, 0, 633, 2127),
(2137, 'varius et, euismod et, commodo at, libero. Morbi accumsan laoreet', 10, 0, 1230, 2127),
(2139, 'sit amet ornare lectus justo eu arcu.', 2, 0, 1067, 2138),
(2140, 'at, velit. Pellentesque', 2, 0, 1247, 2138),
(2142, 'Cum sociis natoque penatibus', 5, 0, 674, 2141),
(2143, 'sit amet, risus. Donec', 5, 0, 1146, 2141),
(2144, 'Cum sociis natoque penatibus et magnis dis parturient', 5, 0, 1178, 2141),
(2145, 'id ante dictum cursus. Nunc mauris elit,', 5, 0, 1238, 2141),
(2146, 'quis accumsan convallis, ante lectus convallis est,', 5, 0, 1186, 2141),
(2148, 'Sed eu eros. Nam consequat dolor', 1, 0, 1191, 2147),
(2150, 'quis accumsan convallis, ante lectus convallis est,', 1, 0, 1168, 2149),
(2152, 'risus. Quisque libero lacus, varius et,', 6, 0, 676, 2151),
(2153, 'erat neque non quam. Pellentesque habitant', 6, 0, 1068, 2151),
(2154, 'mattis. Integer eu lacus.', 6, 0, 1119, 2151),
(2155, 'In faucibus. Morbi vehicula. Pellentesque tincidunt tempus', 6, 0, 642, 2151),
(2156, 'laoreet posuere, enim nisl elementum purus, accumsan', 6, 0, 1239, 2151),
(2157, 'Aenean eget magna. Suspendisse tristique neque venenatis', 6, 0, 1154, 2151),
(2159, 'nec urna et arcu', 9, 0, 1054, 2158),
(2160, 'Sed eu eros. Nam consequat dolor', 9, 0, 1114, 2158),
(2161, 'Donec feugiat metus sit amet ante. Vivamus non', 9, 0, 654, 2158),
(2162, 'ac facilisis facilisis, magna tellus faucibus leo, in lobortis', 9, 0, 1174, 2158),
(2163, 'risus. Quisque libero lacus, varius et,', 9, 0, 1234, 2158),
(2164, 'Vivamus nibh dolor, nonummy ac, feugiat non, lobortis', 9, 0, 1137, 2158),
(2165, 'vel, convallis in, cursus et, eros.', 9, 0, 1213, 2158),
(2166, 'non, feugiat nec, diam. Duis mi enim, condimentum', 9, 0, 1017, 2158),
(2167, 'Vivamus nibh dolor, nonummy ac, feugiat non, lobortis', 9, 0, 657, 2158),
(2169, 'Aenean eget magna. Suspendisse tristique neque venenatis', 6, 0, 1207, 2168),
(2170, 'Duis cursus, diam at pretium aliquet,', 6, 0, 1104, 2168),
(2171, 'non justo. Proin non massa non ante bibendum', 6, 0, 636, 2168),
(2172, 'id nunc interdum feugiat. Sed nec', 6, 0, 1087, 2168),
(2173, 'condimentum eget, volutpat ornare, facilisis eget, ipsum.', 6, 0, 1088, 2168),
(2174, 'vitae, orci. Phasellus dapibus', 6, 0, 1148, 2168),
(2176, 'Donec est mauris, rhoncus id, mollis', 5, 0, 1225, 2175),
(2177, 'nec urna et arcu', 5, 0, 1247, 2175),
(2178, 'Sed eu eros. Nam consequat dolor', 5, 0, 1187, 2175),
(2179, 'adipiscing, enim mi tempor lorem,', 5, 0, 1165, 2175),
(2180, 'dignissim magna a tortor. Nunc commodo auctor velit. Aliquam', 5, 0, 1127, 2175),
(2182, 'magna sed dui. Fusce aliquam, enim nec', 2, 0, 1215, 2181),
(2183, 'non justo. Proin non massa non ante bibendum', 2, 0, 1155, 2181),
(2185, 'nonummy ultricies ornare, elit elit fermentum risus, at fringilla purus', 7, 0, 630, 2184),
(2186, 'amet orci. Ut sagittis lobortis mauris.', 7, 0, 1216, 2184),
(2187, 'diam. Proin dolor. Nulla semper tellus id nunc', 7, 0, 1036, 2184),
(2188, 'Vivamus nibh dolor, nonummy ac, feugiat non, lobortis', 7, 0, 1140, 2184),
(2189, 'Cum sociis natoque penatibus', 7, 0, 1142, 2184),
(2190, 'nunc. In at pede. Cras', 7, 0, 1092, 2184),
(2191, 'pretium neque. Morbi quis urna. Nunc quis', 7, 0, 1202, 2184),
(2193, 'Mauris quis turpis vitae', 6, 0, 678, 2192),
(2194, 'nonummy ultricies ornare, elit elit fermentum risus, at fringilla purus', 6, 0, 1064, 2192),
(2195, 'Aenean massa. Integer vitae nibh. Donec est mauris,', 6, 0, 1194, 2192),
(2196, 'Aenean eget magna. Suspendisse tristique neque venenatis', 6, 0, 1124, 2192),
(2197, 'eu nibh vulputate mauris sagittis placerat. Cras dictum', 6, 0, 622, 2192),
(2198, 'ac facilisis facilisis, magna tellus faucibus leo, in lobortis', 6, 0, 1190, 2192),
(2200, 'gravida. Praesent eu nulla at', 7, 0, 1104, 2199),
(2201, 'sed sem egestas blandit. Nam nulla magna,', 7, 0, 1087, 2199),
(2202, 'sed sem egestas blandit. Nam nulla magna,', 7, 0, 1027, 2199),
(2203, 'sagittis felis. Donec tempor, est ac mattis semper, dui lectus', 7, 0, 1148, 2199),
(2204, 'dui augue eu tellus.', 7, 0, 1208, 2199),
(2205, 'laoreet posuere, enim nisl elementum purus, accumsan', 7, 0, 1043, 2199),
(2206, 'erat neque non quam. Pellentesque habitant', 7, 0, 1147, 2199),
(2208, 'Cum sociis natoque penatibus', 4, 0, 1127, 2207),
(2209, 'dui. Cras pellentesque. Sed', 4, 0, 1187, 2207),
(2210, 'non, vestibulum nec,', 4, 0, 653, 2207),
(2211, 'pulvinar arcu et pede. Nunc sed orci lobortis augue scelerisque', 4, 0, 1045, 2207),
(2213, 'ullamcorper, nisl arcu iaculis enim, sit amet ornare lectus justo', 4, 0, 645, 2212),
(2214, 'nunc. In at pede. Cras', 4, 0, 1097, 2212),
(2215, 'pharetra. Quisque ac libero nec ligula consectetuer', 4, 0, 1035, 2212),
(2216, 'Donec feugiat metus sit amet ante. Vivamus non', 4, 0, 1157, 2212),
(2218, 'lorem, eget mollis lectus', 6, 0, 1096, 2217),
(2219, 'quis accumsan convallis, ante lectus convallis est,', 6, 0, 630, 2217),
(2220, 'vel, convallis in, cursus et, eros.', 6, 0, 1032, 2217),
(2221, 'sagittis felis. Donec tempor, est ac mattis semper, dui lectus', 6, 0, 1202, 2217),
(2222, 'magna nec quam. Curabitur', 6, 0, 1200, 2217),
(2223, 'gravida molestie arcu.', 6, 0, 1156, 2217),
(2225, 'quis massa. Mauris vestibulum, neque sed', 9, 0, 622, 2224),
(2226, 'at, iaculis quis, pede. Praesent eu', 9, 0, 1014, 2224),
(2227, 'Nullam enim. Sed nulla ante, iaculis nec,', 9, 0, 1074, 2224),
(2228, 'dui. Cras pellentesque. Sed', 9, 0, 1185, 2224),
(2229, 'mattis. Integer eu lacus.', 9, 0, 1245, 2224),
(2230, 'sit amet ante. Vivamus non lorem vitae', 9, 0, 1194, 2224),
(2231, 'imperdiet non, vestibulum nec, euismod in,', 9, 0, 1244, 2224),
(2232, 'elit sed consequat', 9, 0, 1064, 2224),
(2233, 'Nullam feugiat placerat velit. Quisque varius. Nam porttitor', 9, 0, 1134, 2224),
(2235, 'pharetra. Quisque ac libero nec ligula consectetuer', 2, 0, 1163, 2234),
(2236, 'nec urna et arcu', 2, 0, 651, 2234),
(2238, 'nostra, per inceptos hymenaeos.', 5, 0, 1045, 2237),
(2239, 'dignissim magna a tortor. Nunc commodo auctor velit. Aliquam', 5, 0, 1105, 2237),
(2240, 'Aenean massa. Integer vitae nibh. Donec est mauris,', 5, 0, 653, 2237),
(2241, 'magna sed dui. Fusce aliquam, enim nec', 5, 0, 1187, 2237),
(2242, 'lorem, eget mollis lectus', 5, 0, 1067, 2237),
(2244, 'In lorem. Donec elementum, lorem ut aliquam iaculis, lacus pede', 2, 0, 1155, 2243),
(2245, 'nostra, per inceptos hymenaeos.', 2, 0, 1157, 2243),
(2247, 'mattis. Integer eu lacus.', 2, 0, 1036, 2246),
(2248, 'Duis cursus, diam at pretium aliquet,', 2, 0, 1022, 2246),
(2250, 'imperdiet ullamcorper. Duis at lacus. Quisque purus sapien, gravida non,', 7, 0, 672, 2249),
(2251, 'Nullam enim. Sed nulla ante, iaculis nec,', 7, 0, 1185, 2249),
(2252, 'vitae, orci. Phasellus dapibus', 7, 0, 1194, 2249),
(2253, 'ullamcorper, nisl arcu iaculis enim, sit amet ornare lectus justo', 7, 0, 1064, 2249),
(2254, 'In faucibus. Morbi vehicula. Pellentesque tincidunt tempus', 7, 0, 1014, 2249),
(2255, 'laoreet posuere, enim nisl elementum purus, accumsan', 7, 0, 673, 2249),
(2256, 'pretium neque. Morbi quis urna. Nunc quis', 7, 0, 1134, 2249),
(2258, 'quis massa. Mauris vestibulum, neque sed', 3, 0, 1040, 2257),
(2259, 'imperdiet non, vestibulum nec, euismod in,', 3, 0, 1158, 2257),
(2260, 'vel, convallis in, cursus et, eros.', 3, 0, 665, 2257),
(2262, 'sagittis lobortis mauris. Suspendisse aliquet molestie tellus.', 1, 0, 1047, 2261),
(2264, 'tincidunt pede ac urna. Ut', 2, 0, 1127, 2263),
(2265, 'mus. Donec dignissim magna', 2, 0, 675, 2263),
(2267, 'vitae aliquam eros turpis non enim.', 1, 0, 1028, 2266),
(2269, 'at, velit. Pellentesque', 4, 0, 1028, 2268),
(2270, 'tincidunt adipiscing. Mauris molestie', 4, 0, 1148, 2268),
(2271, 'gravida molestie arcu.', 4, 0, 1103, 2268),
(2272, 'dignissim magna a tortor. Nunc commodo auctor velit. Aliquam', 4, 0, 1223, 2268),
(2274, 'ullamcorper, nisl arcu', 5, 0, 1135, 2273),
(2275, 'tincidunt pede ac urna. Ut', 5, 0, 1015, 2273),
(2276, 'Aenean massa. Integer vitae nibh. Donec est mauris,', 5, 0, 623, 2273),
(2277, 'enim nec tempus scelerisque,', 5, 0, 1195, 2273),
(2278, 'Sed eu eros. Nam consequat dolor', 5, 0, 1183, 2273),
(2280, 'at, iaculis quis, pede. Praesent eu', 8, 0, 1201, 2279),
(2281, 'non, feugiat nec, diam. Duis mi enim, condimentum', 8, 0, 648, 2279),
(2282, 'quis accumsan convallis, ante lectus convallis est,', 8, 0, 665, 2279),
(2283, 'nunc. In at pede. Cras', 8, 0, 1141, 2279),
(2284, 'non justo. Proin non massa non ante bibendum', 8, 0, 1232, 2279),
(2285, 'dui augue eu tellus.', 8, 0, 1057, 2279),
(2286, 'tincidunt adipiscing. Mauris molestie', 8, 0, 660, 2279),
(2287, 'Duis cursus, diam at pretium aliquet,', 8, 0, 1038, 2279),
(2289, 'pretium neque. Morbi quis urna. Nunc quis', 3, 0, 1112, 2288),
(2290, 'Phasellus ornare. Fusce mollis. Duis', 3, 0, 1057, 2288),
(2291, 'ac facilisis facilisis, magna tellus faucibus leo, in lobortis', 3, 0, 1052, 2288),
(2293, 'vitae, orci. Phasellus dapibus', 8, 0, 1115, 2292),
(2294, 'nonummy ultricies ornare, elit elit fermentum risus, at fringilla purus', 8, 0, 1240, 2292),
(2295, 'pulvinar arcu et pede. Nunc sed orci lobortis augue scelerisque', 8, 0, 1203, 2292),
(2296, 'vitae, orci. Phasellus dapibus', 8, 0, 663, 2292),
(2297, 'non justo. Proin non massa non ante bibendum', 8, 0, 1230, 2292),
(2298, 'In faucibus. Morbi vehicula. Pellentesque tincidunt tempus', 8, 0, 1145, 2292),
(2299, 'lorem, eget mollis lectus', 8, 0, 1170, 2292),
(2300, 'Phasellus ornare. Fusce mollis. Duis', 8, 0, 1085, 2292),
(2302, 'Sed eu eros. Nam consequat dolor', 9, 0, 1120, 2301),
(2303, 'eu nibh vulputate mauris sagittis placerat. Cras dictum', 9, 0, 1085, 2301),
(2304, 'dignissim magna a tortor. Nunc commodo auctor velit. Aliquam', 9, 0, 1230, 2301),
(2305, 'Vivamus nisi. Mauris nulla. Integer urna. Vivamus molestie', 9, 0, 1055, 2301),
(2306, 'imperdiet non, vestibulum nec, euismod in,', 9, 0, 1143, 2301),
(2307, 'non justo. Proin non massa non ante bibendum', 9, 0, 1025, 2301),
(2308, 'erat neque non quam. Pellentesque habitant', 9, 0, 1110, 2301),
(2309, 'lacinia at, iaculis quis, pede. Praesent', 9, 0, 1023, 2301),
(2310, 'ipsum. Phasellus vitae mauris sit', 9, 0, 1170, 2301),
(2312, 'non, feugiat nec, diam. Duis mi enim, condimentum', 4, 0, 1026, 2311),
(2313, 'vitae aliquam eros turpis non enim.', 4, 0, 666, 2311),
(2314, 'quis diam luctus lobortis. Class aptent taciti sociosqu ad', 4, 0, 1246, 2311),
(2315, 'pede blandit congue. In scelerisque', 4, 0, 1118, 2311),
(2317, 'Phasellus ornare. Fusce mollis. Duis', 11, 0, 1169, 2316),
(2318, 'Cum sociis natoque penatibus et magnis dis parturient', 11, 0, 625, 2316),
(2319, 'pede blandit congue. In scelerisque', 11, 0, 1017, 2316),
(2320, 'Aenean eget magna. Suspendisse tristique neque venenatis', 11, 0, 662, 2316),
(2321, 'non, feugiat nec, diam. Duis mi enim, condimentum', 11, 0, 1197, 2316),
(2322, 'Cum sociis natoque penatibus et magnis dis parturient', 11, 0, 1049, 2316),
(2323, 'id ante dictum cursus. Nunc mauris elit,', 11, 0, 1109, 2316),
(2324, 'In faucibus. Morbi vehicula. Pellentesque tincidunt tempus', 11, 0, 1153, 2316),
(2325, 'sit amet ante. Vivamus non lorem vitae', 11, 0, 1114, 2316),
(2326, 'laoreet posuere, enim nisl elementum purus, accumsan', 11, 0, 1137, 2316),
(2327, 'adipiscing, enim mi tempor lorem,', 11, 0, 657, 2316),
(2329, 'gravida. Praesent eu nulla at', 5, 0, 1211, 2328),
(2330, 'imperdiet non, vestibulum nec, euismod in,', 5, 0, 1031, 2328),
(2331, 'id nunc interdum feugiat. Sed nec', 5, 0, 1039, 2328),
(2332, 'rutrum, justo. Praesent luctus. Curabitur egestas nunc', 5, 0, 1219, 2328),
(2333, 'quis diam luctus lobortis. Class aptent taciti sociosqu ad', 5, 0, 639, 2328),
(2335, 'enim nec tempus scelerisque,', 3, 0, 1096, 2334),
(2336, 'gravida. Praesent eu nulla at', 3, 0, 1202, 2334),
(2337, 'vitae aliquam eros turpis non enim.', 3, 0, 1082, 2334),
(2339, 'pulvinar arcu et pede. Nunc sed orci lobortis augue scelerisque', 2, 0, 1095, 2338),
(2340, 'ultrices iaculis odio. Nam interdum enim non nisi. Aenean', 2, 0, 1097, 2338),
(2342, 'Sed eu eros. Nam consequat dolor', 10, 0, 1184, 2341),
(2343, 'In lorem. Donec elementum, lorem ut aliquam iaculis, lacus pede', 10, 0, 1134, 2341),
(2344, 'lorem, eget mollis lectus', 10, 0, 1130, 2341),
(2345, 'gravida. Praesent eu nulla at', 10, 0, 1070, 2341),
(2346, 'ullamcorper, nisl arcu iaculis enim, sit amet ornare lectus justo', 10, 0, 1064, 2341),
(2347, 'enim nec tempus scelerisque,', 10, 0, 622, 2341),
(2348, 'Nullam feugiat placerat velit. Quisque varius. Nam porttitor', 10, 0, 1194, 2341),
(2349, 'vel, convallis in, cursus et, eros.', 10, 0, 1074, 2341),
(2350, 'ante ipsum primis in faucibus orci luctus et ultrices posuere', 10, 0, 1245, 2341),
(2351, 'diam. Proin dolor. Nulla semper tellus id nunc', 10, 0, 1190, 2341),
(2353, 'Donec est mauris, rhoncus id, mollis', 2, 0, 1198, 2352),
(2354, 'ipsum. Phasellus vitae mauris sit', 2, 0, 1018, 2352),
(2356, 'lacinia at, iaculis quis, pede. Praesent', 9, 0, 665, 2355),
(2357, 'laoreet ipsum. Curabitur consequat, lectus sit amet luctus', 9, 0, 1117, 2355),
(2358, 'id ante dictum cursus. Nunc mauris elit,', 9, 0, 1218, 2355),
(2359, 'quis accumsan convallis, ante lectus convallis est,', 9, 0, 1220, 2355),
(2360, 'rutrum, justo. Praesent luctus. Curabitur egestas nunc', 9, 0, 1160, 2355),
(2361, 'Mauris quis turpis vitae', 9, 0, 1038, 2355),
(2362, 'sagittis felis. Donec tempor, est ac mattis semper, dui lectus', 9, 0, 1177, 2355),
(2363, 'Donec est mauris, rhoncus id, mollis', 9, 0, 1112, 2355),
(2364, 'pharetra. Quisque ac libero nec ligula consectetuer', 9, 0, 1081, 2355),
(2366, 'ipsum. Phasellus vitae mauris sit', 6, 0, 1109, 2365),
(2367, 'non, feugiat nec, diam. Duis mi enim, condimentum', 6, 0, 657, 2365),
(2368, 'ullamcorper, nisl arcu', 6, 0, 1114, 2365),
(2369, 'lectus pede et', 6, 0, 1213, 2365),
(2370, 'sagittis lobortis mauris. Suspendisse aliquet molestie tellus.', 6, 0, 1049, 2365),
(2371, 'In faucibus. Morbi vehicula. Pellentesque tincidunt tempus', 6, 0, 1197, 2365),
(2373, 'sit amet ornare lectus justo eu arcu.', 4, 0, 646, 2372),
(2374, 'pharetra. Quisque ac libero nec ligula consectetuer', 4, 0, 1098, 2372),
(2375, 'Aenean eget magna. Suspendisse tristique neque venenatis', 4, 0, 1117, 2372),
(2376, 'rutrum, justo. Praesent luctus. Curabitur egestas nunc', 4, 0, 660, 2372),
(2378, 'non, feugiat nec, diam. Duis mi enim, condimentum', 1, 0, 1067, 2377),
(2380, 'pede blandit congue. In scelerisque', 12, 0, 1235, 2379),
(2381, 'pretium neque. Morbi quis urna. Nunc quis', 12, 0, 1143, 2379),
(2382, 'Aenean massa. Integer vitae nibh. Donec est mauris,', 12, 0, 668, 2379),
(2383, 'non, vestibulum nec,', 12, 0, 631, 2379),
(2384, 'cursus non, egestas a, dui. Cras pellentesque. Sed dictum. Proin', 12, 0, 1110, 2379),
(2385, 'at, velit. Cras lorem lorem, luctus', 12, 0, 1060, 2379),
(2386, 'ligula. Aliquam erat volutpat.', 12, 0, 663, 2379),
(2387, 'amet nulla. Donec non justo. Proin', 12, 0, 1205, 2379),
(2388, 'vehicula et, rutrum eu, ultrices sit amet, risus. Donec', 12, 0, 1203, 2379),
(2389, 'diam. Proin dolor. Nulla semper tellus id nunc', 12, 0, 1025, 2379),
(2390, 'pede blandit congue. In scelerisque', 12, 0, 1240, 2379),
(2391, 'enim nec tempus scelerisque,', 12, 0, 1055, 2379),
(2393, 'rutrum, justo. Praesent luctus. Curabitur egestas nunc', 1, 0, 1199, 2392),
(2395, 'gravida molestie arcu.', 4, 0, 669, 2394),
(2396, 'Phasellus ornare. Fusce mollis. Duis sit amet diam eu', 4, 0, 1231, 2394),
(2397, 'Donec feugiat metus sit amet ante. Vivamus non', 4, 0, 1056, 2394),
(2398, 'egestas. Duis ac arcu.', 4, 0, 664, 2394),
(2400, 'amet orci. Ut sagittis lobortis mauris.', 3, 0, 1243, 2399),
(2401, 'Nulla aliquet. Proin velit.', 3, 0, 1183, 2399),
(2402, 'Aenean massa. Integer vitae nibh. Donec est mauris,', 3, 0, 623, 2399),
(2404, 'amet nulla. Donec non justo. Proin', 5, 0, 677, 2403),
(2405, 'ligula. Aliquam erat volutpat.', 5, 0, 1173, 2403),
(2406, 'Sed eu eros. Nam consequat dolor', 5, 0, 1108, 2403),
(2407, 'at, iaculis quis, pede. Praesent eu', 5, 0, 1249, 2403),
(2408, 'at, velit. Pellentesque', 5, 0, 656, 2403),
(2410, 'gravida molestie arcu.', 2, 0, 671, 2409),
(2411, 'rutrum, justo. Praesent luctus. Curabitur egestas nunc', 2, 0, 1195, 2409),
(2413, 'gravida molestie arcu.', 2, 0, 1083, 2412),
(2414, 'amet orci. Ut sagittis lobortis mauris.', 2, 0, 1230, 2412),
(2416, 'imperdiet ullamcorper. Duis at lacus. Quisque purus sapien, gravida non,', 8, 0, 1184, 2415),
(2417, 'ligula. Aliquam erat volutpat.', 8, 0, 1190, 2415),
(2418, 'pharetra. Quisque ac libero nec ligula consectetuer', 8, 0, 1244, 2415),
(2419, 'Sed eu eros. Nam consequat dolor', 8, 0, 1064, 2415),
(2420, 'mattis. Integer eu lacus.', 8, 0, 1065, 2415),
(2421, 'Phasellus ornare. Fusce mollis. Duis sit amet diam eu', 8, 0, 1124, 2415),
(2422, 'pulvinar arcu et pede. Nunc sed orci lobortis augue scelerisque', 8, 0, 1070, 2415),
(2423, 'ullamcorper, nisl arcu', 8, 0, 1074, 2415),
(2425, 'mattis. Integer eu lacus.', 3, 0, 1104, 2424),
(2426, 'Sed eu eros. Nam consequat dolor', 3, 0, 636, 2424),
(2427, 'Phasellus ornare. Fusce mollis. Duis sit amet diam eu', 3, 0, 652, 2424),
(2429, 'pulvinar arcu et pede. Nunc sed orci lobortis augue scelerisque', 7, 0, 1041, 2428),
(2430, 'sed sem egestas blandit. Nam nulla magna,', 7, 0, 621, 2428),
(2431, 'fermentum convallis ligula. Donec luctus aliquet odio. Etiam', 7, 0, 655, 2428),
(2432, 'lorem, eget mollis lectus', 7, 0, 1227, 2428),
(2433, 'magna sed dui. Fusce aliquam, enim nec', 7, 0, 1167, 2428),
(2434, 'id nunc interdum feugiat. Sed nec', 7, 0, 1133, 2428),
(2435, 'sit amet ornare lectus justo eu arcu.', 7, 0, 1107, 2428),
(2437, 'rutrum, justo. Praesent luctus. Curabitur egestas nunc', 1, 0, 626, 2436),
(2439, 'eu nibh vulputate mauris sagittis placerat. Cras dictum', 2, 0, 1198, 2438),
(2440, 'Cum sociis natoque penatibus et magnis dis parturient', 2, 0, 626, 2438),
(2442, 'Vivamus nibh dolor, nonummy ac, feugiat non, lobortis', 4, 0, 1064, 2441),
(2443, 'amet orci. Ut sagittis lobortis mauris.', 4, 0, 1070, 2441),
(2444, 'ac facilisis facilisis, magna tellus faucibus leo, in lobortis', 4, 0, 1185, 2441),
(2445, 'adipiscing, enim mi tempor lorem,', 4, 0, 1125, 2441),
(2447, 'tincidunt pede ac urna. Ut', 6, 0, 1059, 2446),
(2448, 'condimentum eget, volutpat ornare, facilisis eget, ipsum.', 6, 0, 1154, 2446),
(2449, 'eu nibh vulputate mauris sagittis placerat. Cras dictum', 6, 0, 1239, 2446),
(2450, 'vel, convallis in, cursus et, eros.', 6, 0, 1214, 2446),
(2451, 'magna nec quam. Curabitur', 6, 0, 642, 2446),
(2452, 'Nullam enim. Sed nulla ante, iaculis nec,', 6, 0, 1094, 2446),
(2454, 'ante ipsum primis in faucibus orci luctus et ultrices posuere', 7, 0, 1107, 2453),
(2455, 'enim nec tempus scelerisque,', 7, 0, 1227, 2453),
(2456, 'vehicula et, rutrum eu, ultrices sit amet, risus. Donec', 7, 0, 1041, 2453),
(2457, 'quis accumsan convallis, ante lectus convallis est,', 7, 0, 1161, 2453),
(2458, 'lacinia at, iaculis quis, pede. Praesent', 7, 0, 1193, 2453),
(2459, 'ligula. Aliquam erat volutpat.', 7, 0, 1047, 2453),
(2460, 'rutrum, justo. Praesent luctus. Curabitur egestas nunc', 7, 0, 621, 2453),
(2462, 'cursus non, egestas a, dui. Cras pellentesque. Sed dictum. Proin', 1, 0, 1141, 2461),
(2464, 'gravida molestie arcu.', 4, 0, 1176, 2463),
(2465, 'amet nulla. Donec non justo. Proin', 4, 0, 664, 2463),
(2466, 'nec urna et arcu', 4, 0, 1121, 2463),
(2467, 'Aenean massa. Integer vitae nibh. Donec est mauris,', 4, 0, 1171, 2463),
(2469, 'at, velit. Cras lorem lorem, luctus', 1, 0, 1179, 2468),
(2471, 'magna sed dui. Fusce aliquam, enim nec', 3, 0, 1072, 2470),
(2472, 'Aenean massa. Integer vitae nibh. Donec est mauris,', 3, 0, 1132, 2470),
(2473, 'at, iaculis quis, pede. Praesent eu', 3, 0, 680, 2470),
(2475, 'sit amet, consectetuer adipiscing elit. Curabitur sed tortor. Integer aliquam', 5, 0, 1215, 2474),
(2476, 'tincidunt pede ac urna. Ut', 5, 0, 1157, 2474),
(2477, 'Nulla aliquet. Proin velit.', 5, 0, 1037, 2474),
(2478, 'sit amet, risus. Donec', 5, 0, 1217, 2474),
(2479, 'diam. Proin dolor. Nulla semper tellus id nunc', 5, 0, 643, 2474),
(2481, 'nunc. In at pede. Cras', 6, 0, 1122, 2480),
(2482, 'varius et, euismod et, commodo at, libero. Morbi accumsan laoreet', 6, 0, 1210, 2480),
(2483, 'egestas. Duis ac arcu.', 6, 0, 1062, 2480),
(2484, 'at, velit. Cras lorem lorem, luctus', 6, 0, 650, 2480),
(2485, 'aliquam iaculis, lacus pede sagittis', 6, 0, 1144, 2480),
(2486, 'Sed eu eros. Nam consequat dolor', 6, 0, 1102, 2480),
(2488, 'Mauris quis turpis vitae', 3, 0, 1058, 2487),
(2489, 'Vivamus nisi. Mauris nulla. Integer urna. Vivamus molestie', 3, 0, 674, 2487),
(2490, 'ultrices iaculis odio. Nam interdum enim non nisi. Aenean', 3, 0, 634, 2487),
(2492, 'non, vestibulum nec,', 7, 0, 644, 2491),
(2493, 'tincidunt pede ac urna. Ut', 7, 0, 628, 2491),
(2494, 'Donec est mauris, rhoncus id, mollis', 7, 0, 1140, 2491),
(2495, 'varius et, euismod et, commodo at, libero. Morbi accumsan laoreet', 7, 0, 1080, 2491),
(2496, 'pede blandit congue. In scelerisque', 7, 0, 640, 2491),
(2497, 'cursus non, egestas a, dui. Cras pellentesque. Sed dictum. Proin', 7, 0, 1200, 2491),
(2498, 'pede blandit congue. In scelerisque', 7, 0, 1036, 2491),
(2500, 'ipsum. Phasellus vitae mauris sit', 6, 0, 1197, 2499),
(2501, 'eu nibh vulputate mauris sagittis placerat. Cras dictum', 6, 0, 1093, 2499),
(2502, 'pharetra. Quisque ac libero nec ligula consectetuer', 6, 0, 1033, 2499),
(2503, 'at, velit. Cras lorem lorem, luctus', 6, 0, 1166, 2499),
(2504, 'sit amet ornare lectus justo eu arcu.', 6, 0, 1109, 2499),
(2505, 'In lorem. Donec elementum, lorem ut aliquam iaculis, lacus pede', 6, 0, 1169, 2499),
(2507, 'gravida mauris ut mi.', 2, 0, 1139, 2506),
(2508, 'eu nibh vulputate mauris sagittis placerat. Cras dictum', 2, 0, 1019, 2506),
(2510, 'ullamcorper, nisl arcu', 3, 0, 1196, 2509),
(2511, 'condimentum eget, volutpat ornare, facilisis eget, ipsum.', 3, 0, 1136, 2509),
(2512, 'sit amet ornare lectus justo eu arcu.', 3, 0, 1072, 2509),
(2514, 'ante ipsum primis in faucibus orci luctus et ultrices posuere', 6, 0, 1203, 2513),
(2515, 'Duis cursus, diam at pretium aliquet,', 6, 0, 1175, 2513),
(2516, 'pretium neque. Morbi quis urna. Nunc quis', 6, 0, 1085, 2513),
(2517, 'pede blandit congue. In scelerisque', 6, 0, 1055, 2513),
(2518, 'eleifend nec, malesuada ut,', 6, 0, 1230, 2513),
(2519, 'dignissim magna a tortor. Nunc commodo auctor velit. Aliquam', 6, 0, 1205, 2513),
(2521, 'Duis cursus, diam at pretium aliquet,', 2, 0, 1155, 2520),
(2522, 'amet nulla. Donec non justo. Proin', 2, 0, 1035, 2520),
(2524, 'In faucibus. Morbi vehicula. Pellentesque tincidunt tempus', 3, 0, 1113, 2523),
(2525, 'eleifend nec, malesuada ut,', 3, 0, 1233, 2523),
(2526, 'adipiscing, enim mi tempor lorem,', 3, 0, 1048, 2523),
(2528, 'dui augue eu tellus.', 6, 0, 1022, 2527),
(2529, 'mattis. Integer eu lacus.', 6, 0, 1140, 2527),
(2530, 'vitae, orci. Phasellus dapibus', 6, 0, 1032, 2527),
(2531, 'eu nibh vulputate mauris sagittis placerat. Cras dictum', 6, 0, 630, 2527),
(2532, 'at, velit. Pellentesque', 6, 0, 1142, 2527),
(2533, 'lectus pede et', 6, 0, 1080, 2527),
(2535, 'adipiscing, enim mi tempor lorem,', 6, 0, 638, 2534),
(2536, 'dignissim magna a tortor. Nunc commodo auctor velit. Aliquam', 6, 0, 1122, 2534),
(2537, 'Phasellus ornare. Fusce mollis. Duis sit amet diam eu', 6, 0, 1030, 2534),
(2538, 'Nullam feugiat placerat velit. Quisque varius. Nam porttitor', 6, 0, 1204, 2534),
(2539, 'laoreet posuere, enim nisl elementum purus, accumsan', 6, 0, 1042, 2534),
(2540, 'laoreet ipsum. Curabitur consequat, lectus sit amet luctus', 6, 0, 1222, 2534),
(2542, 'gravida mauris ut mi.', 2, 0, 1226, 2541),
(2543, 'gravida molestie arcu.', 2, 0, 1106, 2541),
(2545, 'quis diam luctus lobortis. Class aptent taciti sociosqu ad', 4, 0, 648, 2544),
(2546, 'Cum sociis natoque penatibus et magnis dis parturient', 4, 0, 1172, 2544),
(2547, 'lacinia at, iaculis quis, pede. Praesent', 4, 0, 1160, 2544),
(2548, 'in, tempus eu, ligula. Aenean euismod mauris eu elit.', 4, 0, 1098, 2544),
(2550, 'ante ipsum primis in faucibus orci luctus et ultrices posuere', 9, 0, 1140, 2549),
(2551, 'mus. Donec dignissim magna', 9, 0, 1020, 2549),
(2552, 'gravida mauris ut mi.', 9, 0, 1032, 2549),
(2553, 'eleifend egestas. Sed pharetra, felis eget varius ultrices,', 9, 0, 1142, 2549),
(2554, 'sed sem egestas blandit. Nam nulla magna,', 9, 0, 1200, 2549),
(2555, 'ligula. Aliquam erat volutpat.', 9, 0, 644, 2549),
(2556, 'lorem, eget mollis lectus', 9, 0, 1022, 2549),
(2557, 'laoreet ipsum. Curabitur consequat, lectus sit amet luctus', 9, 0, 1036, 2549),
(2558, 'Sed eu eros. Nam consequat dolor', 9, 0, 640, 2549),
(2560, 'Donec feugiat metus sit amet ante. Vivamus non', 7, 0, 666, 2559),
(2561, 'erat neque non quam. Pellentesque habitant', 7, 0, 1026, 2559),
(2562, 'condimentum eget, volutpat ornare, facilisis eget, ipsum.', 7, 0, 1186, 2559),
(2563, 'enim nec tempus scelerisque,', 7, 0, 1118, 2559),
(2564, 'In lorem. Donec elementum, lorem ut aliquam iaculis, lacus pede', 7, 0, 1058, 2559),
(2565, 'pede blandit congue. In scelerisque', 7, 0, 1126, 2559),
(2566, 'laoreet ipsum. Curabitur consequat, lectus sit amet luctus', 7, 0, 1066, 2559),
(2568, 'varius et, euismod et, commodo at, libero. Morbi accumsan laoreet', 4, 0, 637, 2567),
(2569, 'vehicula et, rutrum eu, ultrices sit amet, risus. Donec', 4, 0, 1251, 2567),
(2570, 'sagittis felis. Donec tempor, est ac mattis semper, dui lectus', 4, 0, 1089, 2567),
(2571, 'condimentum eget, volutpat ornare, facilisis eget, ipsum.', 4, 0, 1149, 2567),
(2573, 'Cum sociis natoque penatibus et magnis dis parturient', 1, 0, 1135, 2572),
(2575, 'Phasellus ornare. Fusce mollis. Duis sit amet diam eu', 5, 0, 1025, 2574),
(2576, 'sit amet ante. Vivamus non lorem vitae', 5, 0, 633, 2574),
(2577, 'sit amet, risus. Donec', 5, 0, 1143, 2574),
(2578, 'Phasellus ornare. Fusce mollis. Duis', 5, 0, 1235, 2574),
(2579, 'ultrices iaculis odio. Nam interdum enim non nisi. Aenean', 5, 0, 663, 2574),
(2581, 'enim nec tempus scelerisque,', 2, 0, 1225, 2580),
(2582, 'Nulla aliquet. Proin velit.', 2, 0, 1247, 2580),
(2584, 'at, velit. Cras lorem lorem, luctus', 3, 0, 1066, 2583),
(2585, 'ac facilisis facilisis, magna tellus faucibus leo, in lobortis', 3, 0, 1118, 2583),
(2586, 'Vivamus nisi. Mauris nulla. Integer urna. Vivamus molestie', 3, 0, 1186, 2583),
(2588, 'dignissim magna a tortor. Nunc commodo auctor velit. Aliquam', 1, 0, 637, 2587),
(2590, 'Cum sociis natoque penatibus et magnis dis parturient', 2, 0, 1113, 2589),
(2591, 'rutrum, justo. Praesent luctus. Curabitur egestas nunc', 2, 0, 1053, 2589),
(2593, 'Vivamus nibh dolor, nonummy ac, feugiat non, lobortis', 7, 0, 676, 2592),
(2594, 'Cum sociis natoque penatibus', 7, 0, 1094, 2592),
(2595, 'sit amet, consectetuer adipiscing elit. Curabitur sed tortor. Integer aliquam', 7, 0, 1179, 2592),
(2596, 'risus. Quisque libero lacus, varius et,', 7, 0, 1214, 2592),
(2597, 'Sed eu eros. Nam consequat dolor', 7, 0, 1034, 2592),
(2598, 'gravida molestie arcu.', 7, 0, 1239, 2592),
(2599, 'Vivamus nisi. Mauris nulla. Integer urna. Vivamus molestie', 7, 0, 1128, 2592),
(2601, 'vehicula et, rutrum eu, ultrices sit amet, risus. Donec', 2, 0, 1017, 2600),
(2602, 'aliquam iaculis, lacus pede sagittis', 2, 0, 1174, 2600),
(2604, 'non justo. Proin non massa non ante bibendum', 2, 0, 1148, 2603),
(2605, 'magna nec quam. Curabitur', 2, 0, 652, 2603),
(2607, 'sit amet, risus. Donec', 2, 0, 1127, 2606),
(2608, 'nunc. In at pede. Cras', 2, 0, 653, 2606),
(2610, 'dui augue eu tellus.', 3, 0, 1095, 2609),
(2611, 'varius et, euismod et, commodo at, libero. Morbi accumsan laoreet', 3, 0, 1037, 2609),
(2612, 'Nulla aliquet. Proin velit.', 3, 0, 1035, 2609),
(2614, 'lacinia at, iaculis quis, pede. Praesent', 7, 0, 1096, 2613),
(2615, 'laoreet posuere, enim nisl elementum purus, accumsan', 7, 0, 1212, 2613),
(2616, 'amet orci. Ut sagittis lobortis mauris.', 7, 0, 1020, 2613),
(2617, 'aliquam iaculis, lacus pede sagittis', 7, 0, 640, 2613),
(2618, 'sed sem egestas blandit. Nam nulla magna,', 7, 0, 1142, 2613),
(2619, 'ligula. Aliquam erat volutpat.', 7, 0, 1036, 2613),
(2620, 'imperdiet ullamcorper. Duis at lacus. Quisque purus sapien, gravida non,', 7, 0, 1032, 2613),
(2622, 'Cum sociis natoque penatibus', 10, 0, 678, 2621),
(2623, 'non, vestibulum nec,', 10, 0, 1185, 2621),
(2624, 'nonummy ultricies ornare, elit elit fermentum risus, at fringilla purus', 10, 0, 1065, 2621),
(2625, 'mattis. Integer eu lacus.', 10, 0, 1074, 2621),
(2626, 'Nullam enim. Sed nulla ante, iaculis nec,', 10, 0, 673, 2621),
(2627, 'amet nulla. Donec non justo. Proin', 10, 0, 1125, 2621),
(2628, 'In faucibus. Morbi vehicula. Pellentesque tincidunt tempus', 10, 0, 1245, 2621),
(2629, 'Donec feugiat metus sit amet ante. Vivamus non', 10, 0, 672, 2621),
(2630, 'gravida molestie arcu.', 10, 0, 1250, 2621),
(2631, 'imperdiet ullamcorper. Duis at lacus. Quisque purus sapien, gravida non,', 10, 0, 1070, 2621),
(2633, 'erat neque non quam. Pellentesque habitant', 6, 0, 651, 2632),
(2634, 'eu nibh vulputate mauris sagittis placerat. Cras dictum', 6, 0, 1028, 2632),
(2635, 'ultrices iaculis odio. Nam interdum enim non nisi. Aenean', 6, 0, 635, 2632),
(2636, 'lectus pede et', 6, 0, 1207, 2632),
(2637, 'at, velit. Pellentesque', 6, 0, 1208, 2632),
(2638, 'imperdiet non, vestibulum nec, euismod in,', 6, 0, 1223, 2632),
(2640, 'diam. Proin dolor. Nulla semper tellus id nunc', 2, 0, 1045, 2639),
(2641, 'pretium neque. Morbi quis urna. Nunc quis', 2, 0, 1105, 2639),
(2643, 'pede blandit congue. In scelerisque', 3, 0, 1035, 2642),
(2644, 'cursus non, egestas a, dui. Cras pellentesque. Sed dictum. Proin', 3, 0, 1155, 2642),
(2645, 'Nulla aliquet. Proin velit.', 3, 0, 1217, 2642),
(2647, 'non, vestibulum nec,', 4, 0, 1200, 2646),
(2648, 'magna nec quam. Curabitur', 4, 0, 1020, 2646),
(2649, 'ullamcorper, nisl arcu iaculis enim, sit amet ornare lectus justo', 4, 0, 1036, 2646),
(2650, 'at, velit. Cras lorem lorem, luctus', 4, 0, 630, 2646),
(2652, 'dui. Cras pellentesque. Sed', 6, 0, 672, 2651),
(2653, 'enim nec tempus scelerisque,', 6, 0, 1185, 2651),
(2654, 'varius et, euismod et, commodo at, libero. Morbi accumsan laoreet', 6, 0, 1244, 2651),
(2655, 'pharetra. Quisque ac libero nec ligula consectetuer', 6, 0, 673, 2651),
(2656, 'Aenean massa. Integer vitae nibh. Donec est mauris,', 6, 0, 1070, 2651),
(2657, 'amet nulla. Donec non justo. Proin', 6, 0, 622, 2651),
(2659, 'magna nec quam. Curabitur', 8, 0, 1103, 2658),
(2660, 'In lorem. Donec elementum, lorem ut aliquam iaculis, lacus pede', 8, 0, 1208, 2658),
(2661, 'Phasellus ornare. Fusce mollis. Duis sit amet diam eu', 8, 0, 1147, 2658),
(2662, 'pharetra. Quisque ac libero nec ligula consectetuer', 8, 0, 652, 2658),
(2663, 'mattis. Integer eu lacus.', 8, 0, 1043, 2658),
(2664, 'lectus pede et', 8, 0, 1027, 2658),
(2665, 'quis diam luctus lobortis. Class aptent taciti sociosqu ad', 8, 0, 1028, 2658),
(2666, 'nonummy ultricies ornare, elit elit fermentum risus, at fringilla purus', 8, 0, 651, 2658),
(2668, 'diam. Proin dolor. Nulla semper tellus id nunc', 3, 0, 653, 2667),
(2669, 'lacinia at, iaculis quis, pede. Praesent', 3, 0, 1045, 2667),
(2670, 'mattis. Integer eu lacus.', 3, 0, 1225, 2667),
(2672, 'dui. Cras pellentesque. Sed', 4, 0, 1097, 2671),
(2673, 'egestas. Duis ac arcu.', 4, 0, 1095, 2671),
(2674, 'egestas. Duis ac arcu.', 4, 0, 1217, 2671),
(2675, 'imperdiet ullamcorper. Duis at lacus. Quisque purus sapien, gravida non,', 4, 0, 645, 2671),
(2677, 'imperdiet non, vestibulum nec, euismod in,', 4, 0, 1092, 2676),
(2678, 'gravida. Praesent eu nulla at', 4, 0, 1140, 2676),
(2679, 'gravida mauris ut mi.', 4, 0, 640, 2676),
(2680, 'dui. Cras pellentesque. Sed', 4, 0, 1032, 2676),
(2682, 'Sed eu eros. Nam consequat dolor', 6, 0, 1130, 2681),
(2683, 'sit amet, risus. Donec', 6, 0, 678, 2681),
(2684, 'Sed eu eros. Nam consequat dolor', 6, 0, 1124, 2681),
(2685, 'sit amet ante. Vivamus non lorem vitae', 6, 0, 1125, 2681),
(2686, 'imperdiet non, vestibulum nec, euismod in,', 6, 0, 1014, 2681),
(2687, 'in, tempus eu, ligula. Aenean euismod mauris eu elit.', 6, 0, 1074, 2681),
(2689, 'vel, convallis in, cursus et, eros.', 6, 0, 1100, 2688),
(2690, 'lorem, eget mollis lectus', 6, 0, 1201, 2688),
(2691, 'Sed eu eros. Nam consequat dolor', 6, 0, 1040, 2688),
(2692, 'lectus pede et', 6, 0, 1237, 2688),
(2693, 'In faucibus. Morbi vehicula. Pellentesque tincidunt tempus', 6, 0, 629, 2688),
(2694, 'nunc. In at pede. Cras', 6, 0, 1218, 2688),
(2696, 'ultrices iaculis odio. Nam interdum enim non nisi. Aenean', 3, 0, 655, 2695),
(2697, 'lectus pede et', 3, 0, 1047, 2695),
(2698, 'Phasellus ornare. Fusce mollis. Duis sit amet diam eu', 3, 0, 621, 2695),
(2700, 'lacinia at, iaculis quis, pede. Praesent', 2, 0, 1187, 2699),
(2701, 'amet nulla. Donec non justo. Proin', 2, 0, 653, 2699),
(2703, 'aliquam iaculis, lacus pede sagittis', 4, 0, 1028, 2702),
(2704, 'quis massa. Mauris vestibulum, neque sed', 4, 0, 1027, 2702),
(2705, 'Phasellus ornare. Fusce mollis. Duis', 4, 0, 1043, 2702),
(2706, 'Cum sociis natoque penatibus', 4, 0, 1104, 2702),
(2708, 'vel, convallis in, cursus et, eros.', 8, 0, 635, 2707),
(2709, 'In lorem. Donec elementum, lorem ut aliquam iaculis, lacus pede', 8, 0, 1163, 2707),
(2710, 'lacinia at, iaculis quis, pede. Praesent', 8, 0, 1223, 2707),
(2711, 'varius et, euismod et, commodo at, libero. Morbi accumsan laoreet', 8, 0, 1207, 2707),
(2712, 'Donec est mauris, rhoncus id, mollis', 8, 0, 1164, 2707),
(2713, 'condimentum eget, volutpat ornare, facilisis eget, ipsum.', 8, 0, 1027, 2707),
(2714, 'tincidunt pede ac urna. Ut', 8, 0, 651, 2707),
(2715, 'ipsum. Phasellus vitae mauris sit', 8, 0, 1087, 2707),
(2717, 'dui. Cras pellentesque. Sed', 5, 0, 1015, 2716),
(2718, 'pharetra. Quisque ac libero nec ligula consectetuer', 5, 0, 1075, 2716),
(2719, 'vitae aliquam eros turpis non enim.', 5, 0, 623, 2716),
(2720, 'sed sem egestas blandit. Nam nulla magna,', 5, 0, 1135, 2716),
(2721, 'Aenean gravida nunc sed pede. Cum', 5, 0, 671, 2716),
(2723, 'in, tempus eu, ligula. Aenean euismod mauris eu elit.', 3, 0, 660, 2722),
(2724, 'nunc. In at pede. Cras', 3, 0, 1040, 2722),
(2725, 'Aenean gravida nunc sed pede. Cum', 3, 0, 1160, 2722),
(2727, 'imperdiet non, vestibulum nec, euismod in,', 9, 0, 1177, 2726),
(2728, 'non, vestibulum nec,', 9, 0, 660, 2726),
(2729, 'condimentum eget, volutpat ornare, facilisis eget, ipsum.', 9, 0, 1117, 2726),
(2730, 'diam. Proin dolor. Nulla semper tellus id nunc', 9, 0, 1081, 2726),
(2731, 'nostra, per inceptos hymenaeos.', 9, 0, 1098, 2726),
(2732, 'amet nulla. Donec non justo. Proin', 9, 0, 1220, 2726),
(2733, 'Nullam enim. Sed nulla ante, iaculis nec,', 9, 0, 646, 2726),
(2734, 'non, feugiat nec, diam. Duis mi enim, condimentum', 9, 0, 1158, 2726),
(2735, 'non, feugiat nec, diam. Duis mi enim, condimentum', 9, 0, 1232, 2726),
(2737, 'ullamcorper, nisl arcu', 4, 0, 633, 2736),
(2738, 'quis massa. Mauris vestibulum, neque sed', 4, 0, 1205, 2736),
(2739, 'risus. Quisque libero lacus, varius et,', 4, 0, 1115, 2736),
(2740, 'elit sed consequat', 4, 0, 1110, 2736),
(2742, 'magna sed dui. Fusce aliquam, enim nec', 9, 0, 1060, 2741),
(2743, 'at, iaculis quis, pede. Praesent eu', 9, 0, 1175, 2741),
(2744, 'sed sem egestas blandit. Nam nulla magna,', 9, 0, 1170, 2741),
(2745, 'quis accumsan convallis, ante lectus convallis est,', 9, 0, 1115, 2741),
(2746, 'vehicula et, rutrum eu, ultrices sit amet, risus. Donec', 9, 0, 1235, 2741),
(2747, 'eleifend nec, malesuada ut,', 9, 0, 668, 2741),
(2748, 'tincidunt adipiscing. Mauris molestie', 9, 0, 1110, 2741),
(2749, 'laoreet ipsum. Curabitur consequat, lectus sit amet luctus', 9, 0, 1085, 2741),
(2750, 'Sed eu eros. Nam consequat dolor', 9, 0, 1120, 2741),
(2752, 'quis accumsan convallis, ante lectus convallis est,', 7, 0, 1178, 2751),
(2753, 'Mauris quis turpis vitae', 7, 0, 1206, 2751),
(2754, 'Nulla aliquet. Proin velit.', 7, 0, 1246, 2751),
(2755, 'amet orci. Ut sagittis lobortis mauris.', 7, 0, 1066, 2751),
(2756, 'sagittis felis. Donec tempor, est ac mattis semper, dui lectus', 7, 0, 1118, 2751),
(2757, 'ultrices iaculis odio. Nam interdum enim non nisi. Aenean', 7, 0, 1086, 2751),
(2758, 'enim nec tempus scelerisque,', 7, 0, 666, 2751),
(2760, 'Nullam feugiat placerat velit. Quisque varius. Nam porttitor', 1, 0, 1234, 2759),
(2762, 'dui augue eu tellus.', 1, 0, 1159, 2761),
(2764, 'quis accumsan convallis, ante lectus convallis est,', 8, 0, 1082, 2763),
(2765, 'aliquam iaculis, lacus pede sagittis', 8, 0, 640, 2763),
(2766, 'erat neque non quam. Pellentesque habitant', 8, 0, 644, 2763),
(2767, 'Mauris quis turpis vitae', 8, 0, 1152, 2763),
(2768, 'tincidunt pede ac urna. Ut', 8, 0, 1080, 2763),
(2769, 'id ante dictum cursus. Nunc mauris elit,', 8, 0, 1200, 2763),
(2770, 'rutrum, justo. Praesent luctus. Curabitur egestas nunc', 8, 0, 1096, 2763),
(2771, 'quis diam luctus lobortis. Class aptent taciti sociosqu ad', 8, 0, 1140, 2763),
(2773, 'mattis. Integer eu lacus.', 4, 0, 645, 2772),
(2774, 'sed sem egestas blandit. Nam nulla magna,', 4, 0, 1157, 2772),
(2775, 'elit sed consequat', 4, 0, 1095, 2772),
(2776, 'condimentum eget, volutpat ornare, facilisis eget, ipsum.', 4, 0, 1155, 2772),
(2778, 'ante ipsum primis in faucibus orci luctus et ultrices posuere', 1, 0, 672, 2777),
(2780, 'dignissim magna a tortor. Nunc commodo auctor velit. Aliquam', 2, 0, 626, 2779),
(2781, 'In faucibus. Morbi vehicula. Pellentesque tincidunt tempus', 2, 0, 1078, 2779),
(2783, 'non justo. Proin non massa non ante bibendum', 7, 0, 1057, 2782),
(2784, 'sed sem egestas blandit. Nam nulla magna,', 7, 0, 1040, 2782),
(2785, 'Donec est mauris, rhoncus id, mollis', 7, 0, 1100, 2782),
(2786, 'imperdiet ullamcorper. Duis at lacus. Quisque purus sapien, gravida non,', 7, 0, 648, 2782),
(2787, 'fermentum convallis ligula. Donec luctus aliquet odio. Etiam', 7, 0, 1098, 2782),
(2788, 'aliquam iaculis, lacus pede sagittis', 7, 0, 1237, 2782),
(2789, 'amet orci. Ut sagittis lobortis mauris.', 7, 0, 1021, 2782),
(2791, 'mus. Donec dignissim magna', 4, 0, 1017, 2790),
(2792, 'Aenean eget magna. Suspendisse tristique neque venenatis', 4, 0, 1137, 2790),
(2793, 'gravida mauris ut mi.', 4, 0, 662, 2790),
(2794, 'at, velit. Cras lorem lorem, luctus', 4, 0, 1174, 2790),
(2796, 'nec urna et arcu', 4, 0, 1098, 2795),
(2797, 'sit amet ornare lectus justo eu arcu.', 4, 0, 646, 2795),
(2798, 'non justo. Proin non massa non ante bibendum', 4, 0, 1052, 2795),
(2799, 'sit amet ornare lectus justo eu arcu.', 4, 0, 648, 2795),
(2801, 'gravida. Praesent eu nulla at', 4, 0, 1247, 2800),
(2802, 'vitae, orci. Phasellus dapibus', 4, 0, 1187, 2800),
(2803, 'dui. Cras pellentesque. Sed', 4, 0, 675, 2800),
(2804, 'adipiscing, enim mi tempor lorem,', 4, 0, 1225, 2800),
(2806, 'imperdiet ullamcorper. Duis at lacus. Quisque purus sapien, gravida non,', 10, 0, 1180, 2805),
(2807, 'Donec feugiat metus sit amet ante. Vivamus non', 10, 0, 1120, 2805),
(2808, 'tincidunt pede ac urna. Ut', 10, 0, 1205, 2805),
(2809, 'Aenean massa. Integer vitae nibh. Donec est mauris,', 10, 0, 1110, 2805),
(2810, 'at, iaculis quis, pede. Praesent eu', 10, 0, 668, 2805),
(2811, 'laoreet ipsum. Curabitur consequat, lectus sit amet luctus', 10, 0, 633, 2805),
(2812, 'sit amet ornare lectus justo eu arcu.', 10, 0, 1203, 2805),
(2813, 'laoreet posuere, enim nisl elementum purus, accumsan', 10, 0, 1235, 2805),
(2814, 'risus. Quisque libero lacus, varius et,', 10, 0, 1085, 2805),
(2815, 'gravida mauris ut mi.', 10, 0, 1055, 2805),
(2817, 'ullamcorper, nisl arcu', 1, 0, 1199, 2816),
(2819, 'In faucibus. Morbi vehicula. Pellentesque tincidunt tempus', 3, 0, 1061, 2818),
(2820, 'lacinia at, iaculis quis, pede. Praesent', 3, 0, 1171, 2818),
(2821, 'lectus pede et', 3, 0, 1051, 2818),
(2823, 'In faucibus. Morbi vehicula. Pellentesque tincidunt tempus', 3, 0, 1063, 2822),
(2824, 'vehicula et, rutrum eu, ultrices sit amet, risus. Donec', 3, 0, 623, 2822),
(2825, 'aliquet, metus urna convallis erat, eget tincidunt dui', 3, 0, 1015, 2822),
(2827, 'pulvinar arcu et pede. Nunc sed orci lobortis augue scelerisque', 6, 0, 656, 2826),
(2828, 'fermentum convallis ligula. Donec luctus aliquet odio. Etiam', 6, 0, 1249, 2826),
(2829, 'eu nibh vulputate mauris sagittis placerat. Cras dictum', 6, 0, 1173, 2826),
(2830, 'non justo. Proin non massa non ante bibendum', 6, 0, 677, 2826),
(2831, 'varius et, euismod et, commodo at, libero. Morbi accumsan laoreet', 6, 0, 1189, 2826),
(2832, 'sagittis lobortis mauris. Suspendisse aliquet molestie tellus.', 6, 0, 1113, 2826),
(2834, 'sit amet ante. Vivamus non lorem vitae', 3, 0, 671, 2833),
(2835, 'erat neque non quam. Pellentesque habitant', 3, 0, 1123, 2833),
(2836, 'lectus pede et', 3, 0, 1135, 2833),
(2838, 'nec urna et arcu', 11, 0, 1115, 2837),
(2839, 'varius et, euismod et, commodo at, libero. Morbi accumsan laoreet', 11, 0, 1025, 2837),
(2840, 'gravida. Praesent eu nulla at', 11, 0, 1050, 2837),
(2841, 'eleifend nec, malesuada ut,', 11, 0, 668, 2837),
(2842, 'magna sed dui. Fusce aliquam, enim nec', 11, 0, 1023, 2837),
(2843, 'vitae, orci. Phasellus dapibus', 11, 0, 631, 2837),
(2844, 'non justo. Proin non massa non ante bibendum', 11, 0, 1205, 2837),
(2845, 'non justo. Proin non massa non ante bibendum', 11, 0, 663, 2837),
(2846, 'pharetra. Quisque ac libero nec ligula consectetuer', 11, 0, 658, 2837),
(2847, 'lorem, eget mollis lectus', 11, 0, 1170, 2837),
(2848, 'Aenean massa. Integer vitae nibh. Donec est mauris,', 11, 0, 1145, 2837),
(2850, 'id nunc interdum feugiat. Sed nec', 4, 0, 1064, 2849),
(2851, 'quis massa. Mauris vestibulum, neque sed', 4, 0, 1185, 2849),
(2852, 'Mauris quis turpis vitae', 4, 0, 1250, 2849),
(2853, 'eu nibh vulputate mauris sagittis placerat. Cras dictum', 4, 0, 1074, 2849),
(2855, 'pharetra. Quisque ac libero nec ligula consectetuer', 1, 0, 1164, 2854),
(2857, 'dui augue eu tellus.', 2, 0, 1221, 2856),
(2858, 'vehicula et, rutrum eu, ultrices sit amet, risus. Donec', 2, 0, 1193, 2856),
(2860, 'eu nibh vulputate mauris sagittis placerat. Cras dictum', 2, 0, 626, 2859),
(2861, 'egestas. Duis ac arcu.', 2, 0, 1018, 2859),
(2863, 'eleifend egestas. Sed pharetra, felis eget varius ultrices,', 1, 0, 1018, 2862),
(2865, 'aliquet, metus urna convallis erat, eget tincidunt dui', 4, 0, 1125, 2864),
(2866, 'ullamcorper, nisl arcu iaculis enim, sit amet ornare lectus justo', 4, 0, 1185, 2864),
(2867, 'sagittis felis. Donec tempor, est ac mattis semper, dui lectus', 4, 0, 1070, 2864),
(2868, 'Vivamus nibh dolor, nonummy ac, feugiat non, lobortis', 4, 0, 1065, 2864),
(2870, 'lacinia at, iaculis quis, pede. Praesent', 1, 0, 1214, 2869),
(2872, 'fermentum convallis ligula. Donec luctus aliquet odio. Etiam', 7, 0, 1041, 2871),
(2873, 'pede blandit congue. In scelerisque', 7, 0, 1013, 2871),
(2874, 'pretium neque. Morbi quis urna. Nunc quis', 7, 0, 1133, 2871),
(2875, 'gravida molestie arcu.', 7, 0, 1073, 2871),
(2876, 'amet nulla. Donec non justo. Proin', 7, 0, 621, 2871),
(2877, 'tincidunt adipiscing. Mauris molestie', 7, 0, 1221, 2871),
(2878, 'sagittis felis. Donec tempor, est ac mattis semper, dui lectus', 7, 0, 655, 2871),
(2880, 'enim nec tempus scelerisque,', 8, 0, 1141, 2879),
(2881, 'Aenean eget magna. Suspendisse tristique neque venenatis', 8, 0, 1112, 2879),
(2882, 'magna sed dui. Fusce aliquam, enim nec', 8, 0, 648, 2879),
(2883, 'laoreet posuere, enim nisl elementum purus, accumsan', 8, 0, 1220, 2879),
(2884, 'lacinia at, iaculis quis, pede. Praesent', 8, 0, 1052, 2879),
(2885, 'ante ipsum primis in faucibus orci luctus et ultrices posuere', 8, 0, 1021, 2879),
(2886, 'eleifend egestas. Sed pharetra, felis eget varius ultrices,', 8, 0, 629, 2879),
(2887, 'Cum sociis natoque penatibus', 8, 0, 1100, 2879),
(2889, 'vehicula et, rutrum eu, ultrices sit amet, risus. Donec', 2, 0, 659, 2888),
(2890, 'laoreet ipsum. Curabitur consequat, lectus sit amet luctus', 2, 0, 664, 2888),
(2892, 'In faucibus. Morbi vehicula. Pellentesque tincidunt tempus', 7, 0, 1119, 2891),
(2893, 'sit amet ornare lectus justo eu arcu.', 7, 0, 1179, 2891),
(2894, 'diam. Proin dolor. Nulla semper tellus id nunc', 7, 0, 1059, 2891),
(2895, 'id ante dictum cursus. Nunc mauris elit,', 7, 0, 1128, 2891),
(2896, 'id ante dictum cursus. Nunc mauris elit,', 7, 0, 1154, 2891),
(2897, 'non, vestibulum nec,', 7, 0, 1034, 2891),
(2898, 'Sed eu eros. Nam consequat dolor', 7, 0, 1214, 2891),
(2900, 'erat neque non quam. Pellentesque habitant', 3, 0, 1072, 2899),
(2901, 'enim nec tempus scelerisque,', 3, 0, 680, 2899),
(2902, 'non, vestibulum nec,', 3, 0, 1252, 2899),
(2904, 'id ante dictum cursus. Nunc mauris elit,', 5, 0, 1095, 2903),
(2905, 'nunc. In at pede. Cras', 5, 0, 1217, 2903),
(2906, 'ipsum. Phasellus vitae mauris sit', 5, 0, 1037, 2903),
(2907, 'pede blandit congue. In scelerisque', 5, 0, 645, 2903),
(2908, 'nunc. In at pede. Cras', 5, 0, 1097, 2903),
(2910, 'sit amet ante. Vivamus non lorem vitae', 2, 0, 1122, 2909),
(2911, 'lorem, eget mollis lectus', 2, 0, 1182, 2909),
(2913, 'Duis cursus, diam at pretium aliquet,', 2, 0, 674, 2912),
(2914, 'laoreet posuere, enim nisl elementum purus, accumsan', 2, 0, 1238, 2912),
(2916, 'nec urna et arcu', 6, 0, 1082, 2915),
(2917, 'in, tempus eu, ligula. Aenean euismod mauris eu elit.', 6, 0, 1022, 2915),
(2918, 'vel, convallis in, cursus et, eros.', 6, 0, 1140, 2915),
(2919, 'non justo. Proin non massa non ante bibendum', 6, 0, 630, 2915),
(2920, 'non, feugiat nec, diam. Duis mi enim, condimentum', 6, 0, 1032, 2915),
(2921, 'vitae aliquam eros turpis non enim.', 6, 0, 1216, 2915),
(2923, 'tincidunt pede ac urna. Ut', 6, 0, 1153, 2922),
(2924, 'Sed eu eros. Nam consequat dolor', 6, 0, 1077, 2922),
(2925, 'imperdiet non, vestibulum nec, euismod in,', 6, 0, 1114, 2922),
(2926, 'Donec est mauris, rhoncus id, mollis', 6, 0, 1174, 2922),
(2927, 'sit amet ante. Vivamus non lorem vitae', 6, 0, 657, 2922),
(2928, 'non justo. Proin non massa non ante bibendum', 6, 0, 641, 2922),
(2930, 'condimentum eget, volutpat ornare, facilisis eget, ipsum.', 2, 0, 1079, 2929),
(2931, 'quis massa. Mauris vestibulum, neque sed', 2, 0, 1199, 2929),
(2933, 'quis accumsan convallis, ante lectus convallis est,', 3, 0, 1196, 2932),
(2934, 'Nullam feugiat placerat velit. Quisque varius. Nam porttitor', 3, 0, 1252, 2932),
(2935, 'lectus pede et', 3, 0, 1072, 2932),
(2937, 'sagittis lobortis mauris. Suspendisse aliquet molestie tellus.', 4, 0, 1110, 2936),
(2938, 'id nunc interdum feugiat. Sed nec', 4, 0, 1120, 2936),
(2939, 'risus. Quisque libero lacus, varius et,', 4, 0, 663, 2936),
(2940, 'non, feugiat nec, diam. Duis mi enim, condimentum', 4, 0, 1143, 2936),
(2942, 'ultrices iaculis odio. Nam interdum enim non nisi. Aenean', 3, 0, 1037, 2941),
(2943, 'aliquet, metus urna convallis erat, eget tincidunt dui', 3, 0, 1035, 2941),
(2944, 'non, feugiat nec, diam. Duis mi enim, condimentum', 3, 0, 1157, 2941),
(2946, 'Mauris quis turpis vitae', 1, 0, 1233, 2945),
(2948, 'erat neque non quam. Pellentesque habitant', 5, 0, 1036, 2947),
(2949, 'quis massa. Mauris vestibulum, neque sed', 5, 0, 1140, 2947),
(2950, 'gravida molestie arcu.', 5, 0, 630, 2947),
(2951, 'In faucibus. Morbi vehicula. Pellentesque tincidunt tempus', 5, 0, 1096, 2947),
(2952, 'Aenean gravida nunc sed pede. Cum', 5, 0, 1080, 2947),
(2954, 'tincidunt adipiscing. Mauris molestie', 10, 0, 1122, 2953),
(2955, 'erat neque non quam. Pellentesque habitant', 10, 0, 1222, 2953),
(2956, 'Nulla aliquet. Proin velit.', 10, 0, 1210, 2953),
(2957, 'amet orci. Ut sagittis lobortis mauris.', 10, 0, 1062, 2953),
(2958, 'gravida. Praesent eu nulla at', 10, 0, 1242, 2953),
(2959, 'ligula. Aliquam erat volutpat.', 10, 0, 1102, 2953),
(2960, 'id ante dictum cursus. Nunc mauris elit,', 10, 0, 650, 2953),
(2961, 'nostra, per inceptos hymenaeos.', 10, 0, 1162, 2953),
(2962, 'enim nec tempus scelerisque,', 10, 0, 1024, 2953),
(2963, 'non justo. Proin non massa non ante bibendum', 10, 0, 632, 2953),
(2965, 'dignissim magna a tortor. Nunc commodo auctor velit. Aliquam', 7, 0, 1166, 2964),
(2966, 'nec urna et arcu', 7, 0, 625, 2964),
(2967, 'pretium neque. Morbi quis urna. Nunc quis', 7, 0, 1169, 2964),
(2968, 'rutrum, justo. Praesent luctus. Curabitur egestas nunc', 7, 0, 1033, 2964),
(2969, 'Phasellus ornare. Fusce mollis. Duis', 7, 0, 1234, 2964),
(2970, 'ipsum. Phasellus vitae mauris sit', 7, 0, 1054, 2964),
(2971, 'dui. Cras pellentesque. Sed', 7, 0, 1077, 2964),
(2973, 'non justo. Proin non massa non ante bibendum', 11, 0, 1201, 2972),
(2974, 'Aenean gravida nunc sed pede. Cum', 11, 0, 1057, 2972),
(2975, 'Duis cursus, diam at pretium aliquet,', 11, 0, 646, 2972),
(2976, 'eleifend nec, malesuada ut,', 11, 0, 1232, 2972),
(2977, 'non justo. Proin non massa non ante bibendum', 11, 0, 1141, 2972),
(2978, 'varius et, euismod et, commodo at, libero. Morbi accumsan laoreet', 11, 0, 1160, 2972),
(2979, 'magna sed dui. Fusce aliquam, enim nec', 11, 0, 1158, 2972),
(2980, 'Mauris quis turpis vitae', 11, 0, 1117, 2972),
(2981, 'Cum sociis natoque penatibus et magnis dis parturient', 11, 0, 665, 2972),
(2982, 'amet nulla. Donec non justo. Proin', 11, 0, 1100, 2972),
(2983, 'lorem, eget mollis lectus', 11, 0, 1040, 2972),
(2985, 'at, iaculis quis, pede. Praesent eu', 5, 0, 1142, 2984),
(2986, 'sagittis felis. Donec tempor, est ac mattis semper, dui lectus', 5, 0, 1020, 2984),
(2987, 'nec urna et arcu', 5, 0, 1202, 2984),
(2988, 'ullamcorper, nisl arcu', 5, 0, 1092, 2984),
(2989, 'ullamcorper, nisl arcu iaculis enim, sit amet ornare lectus justo', 5, 0, 1212, 2984),
(2991, 'eleifend egestas. Sed pharetra, felis eget varius ultrices,', 4, 0, 1126, 2990),
(2992, 'ac facilisis facilisis, magna tellus faucibus leo, in lobortis', 4, 0, 1246, 2990),
(2993, 'non, vestibulum nec,', 4, 0, 1026, 2990),
(2994, 'lectus pede et', 4, 0, 1086, 2990),
(2996, 'id ante dictum cursus. Nunc mauris elit,', 4, 0, 1131, 2995),
(2997, 'non, feugiat nec, diam. Duis mi enim, condimentum', 4, 0, 1191, 2995),
(2998, 'Aenean gravida nunc sed pede. Cum', 4, 0, 1149, 2995),
(2999, 'lectus pede et', 4, 0, 1029, 2995),
(3001, 'at, velit. Cras lorem lorem, luctus', 2, 0, 1243, 3000),
(3002, 'lectus pede et', 2, 0, 671, 3000),
(3004, 'Donec est mauris, rhoncus id, mollis', 8, 0, 1180, 3003),
(3005, 'Aenean massa. Integer vitae nibh. Donec est mauris,', 8, 0, 1115, 3003),
(3006, 'ipsum. Phasellus vitae mauris sit', 8, 0, 633, 3003),
(3007, 'Sed eu eros. Nam consequat dolor', 8, 0, 1050, 3003);
INSERT INTO `item` (`id_item`, `description`, `quantity`, `version`, `id_product`, `id_order`) VALUES
(3008, 'dui augue eu tellus.', 8, 0, 668, 3003),
(3009, 'lectus pede et', 8, 0, 1240, 3003),
(3010, 'imperdiet non, vestibulum nec, euismod in,', 8, 0, 1055, 3003),
(3011, 'Donec est mauris, rhoncus id, mollis', 8, 0, 1060, 3003),
(3013, 'Nullam feugiat placerat velit. Quisque varius. Nam porttitor', 5, 0, 1045, 3012),
(3014, 'imperdiet ullamcorper. Duis at lacus. Quisque purus sapien, gravida non,', 5, 0, 1127, 3012),
(3015, 'quis accumsan convallis, ante lectus convallis est,', 5, 0, 1247, 3012),
(3016, 'vitae, orci. Phasellus dapibus', 5, 0, 1105, 3012),
(3017, 'laoreet posuere, enim nisl elementum purus, accumsan', 5, 0, 1067, 3012),
(3019, 'Nullam feugiat placerat velit. Quisque varius. Nam porttitor', 7, 0, 1126, 3018),
(3020, 'Vivamus nibh dolor, nonummy ac, feugiat non, lobortis', 7, 0, 1146, 3018),
(3021, 'Vivamus nibh dolor, nonummy ac, feugiat non, lobortis', 7, 0, 1186, 3018),
(3022, 'sagittis lobortis mauris. Suspendisse aliquet molestie tellus.', 7, 0, 1206, 3018),
(3023, 'ultrices iaculis odio. Nam interdum enim non nisi. Aenean', 7, 0, 666, 3018),
(3024, 'ac facilisis facilisis, magna tellus faucibus leo, in lobortis', 7, 0, 1058, 3018),
(3025, 'Aenean massa. Integer vitae nibh. Donec est mauris,', 7, 0, 1238, 3018),
(3027, 'tincidunt adipiscing. Mauris molestie', 1, 0, 1071, 3026),
(3029, 'eleifend egestas. Sed pharetra, felis eget varius ultrices,', 3, 0, 1108, 3028),
(3030, 'Aenean gravida nunc sed pede. Cum', 3, 0, 661, 3028),
(3031, 'elit sed consequat', 3, 0, 1189, 3028),
(3033, 'pede blandit congue. In scelerisque', 6, 0, 1239, 3032),
(3034, 'Aenean eget magna. Suspendisse tristique neque venenatis', 6, 0, 676, 3032),
(3035, 'dui. Cras pellentesque. Sed', 6, 0, 1154, 3032),
(3036, 'magna sed dui. Fusce aliquam, enim nec', 6, 0, 667, 3032),
(3037, 'magna sed dui. Fusce aliquam, enim nec', 6, 0, 1068, 3032),
(3038, 'Vivamus nibh dolor, nonummy ac, feugiat non, lobortis', 6, 0, 1214, 3032),
(3040, 'non, vestibulum nec,', 2, 0, 662, 3039),
(3041, 'pretium neque. Morbi quis urna. Nunc quis', 2, 0, 1234, 3039),
(3043, 'sit amet ante. Vivamus non lorem vitae', 9, 0, 652, 3042),
(3044, 'In lorem. Donec elementum, lorem ut aliquam iaculis, lacus pede', 9, 0, 1043, 3042),
(3045, 'In lorem. Donec elementum, lorem ut aliquam iaculis, lacus pede', 9, 0, 1088, 3042),
(3046, 'in, tempus eu, ligula. Aenean euismod mauris eu elit.', 9, 0, 651, 3042),
(3047, 'quis accumsan convallis, ante lectus convallis est,', 9, 0, 1103, 3042),
(3048, 'Donec feugiat metus sit amet ante. Vivamus non', 9, 0, 1044, 3042),
(3049, 'ligula. Aliquam erat volutpat.', 9, 0, 1163, 3042),
(3050, 'Aenean eget magna. Suspendisse tristique neque venenatis', 9, 0, 1147, 3042),
(3051, 'gravida. Praesent eu nulla at', 9, 0, 1028, 3042),
(3053, 'sit amet, consectetuer adipiscing elit. Curabitur sed tortor. Integer aliquam', 2, 0, 675, 3052),
(3054, 'id ante dictum cursus. Nunc mauris elit,', 2, 0, 1225, 3052),
(3056, 'pulvinar arcu et pede. Nunc sed orci lobortis augue scelerisque', 1, 0, 1095, 3055),
(3058, 'amet nulla. Donec non justo. Proin', 7, 0, 1152, 3057),
(3059, 'ullamcorper, nisl arcu iaculis enim, sit amet ornare lectus justo', 7, 0, 640, 3057),
(3060, 'Phasellus ornare. Fusce mollis. Duis', 7, 0, 1140, 3057),
(3061, 'diam. Proin dolor. Nulla semper tellus id nunc', 7, 0, 1156, 3057),
(3062, 'id nunc interdum feugiat. Sed nec', 7, 0, 1080, 3057),
(3063, 'imperdiet ullamcorper. Duis at lacus. Quisque purus sapien, gravida non,', 7, 0, 1096, 3057),
(3064, 'laoreet posuere, enim nisl elementum purus, accumsan', 7, 0, 644, 3057),
(3066, 'enim nec tempus scelerisque,', 4, 0, 1244, 3065),
(3067, 'vitae, orci. Phasellus dapibus', 4, 0, 1125, 3065),
(3068, 'pretium neque. Morbi quis urna. Nunc quis', 4, 0, 1190, 3065),
(3069, 'eleifend egestas. Sed pharetra, felis eget varius ultrices,', 4, 0, 1130, 3065),
(3071, 'sagittis lobortis mauris. Suspendisse aliquet molestie tellus.', 2, 0, 1224, 3070),
(3072, 'laoreet posuere, enim nisl elementum purus, accumsan', 2, 0, 1207, 3070),
(3074, 'eleifend egestas. Sed pharetra, felis eget varius ultrices,', 1, 0, 675, 3073),
(3076, 'Nullam feugiat placerat velit. Quisque varius. Nam porttitor', 4, 0, 1155, 3075),
(3077, 'ullamcorper, nisl arcu', 4, 0, 643, 3075),
(3078, 'pretium neque. Morbi quis urna. Nunc quis', 4, 0, 1035, 3075),
(3079, 'in, tempus eu, ligula. Aenean euismod mauris eu elit.', 4, 0, 645, 3075),
(3081, 'in, tempus eu, ligula. Aenean euismod mauris eu elit.', 9, 0, 1212, 3080),
(3082, 'non, vestibulum nec,', 9, 0, 1156, 3080),
(3083, 'In faucibus. Morbi vehicula. Pellentesque tincidunt tempus', 9, 0, 1140, 3080),
(3084, 'sed sem egestas blandit. Nam nulla magna,', 9, 0, 1092, 3080),
(3085, 'enim nec tempus scelerisque,', 9, 0, 1096, 3080),
(3086, 'egestas. Duis ac arcu.', 9, 0, 1202, 3080),
(3087, 'non, feugiat nec, diam. Duis mi enim, condimentum', 9, 0, 640, 3080),
(3088, 'ipsum. Phasellus vitae mauris sit', 9, 0, 1082, 3080),
(3089, 'sit amet, risus. Donec', 9, 0, 1142, 3080),
(3091, 'imperdiet non, vestibulum nec, euismod in,', 1, 0, 1194, 3090),
(3093, 'pretium neque. Morbi quis urna. Nunc quis', 9, 0, 1088, 3092),
(3094, 'id ante dictum cursus. Nunc mauris elit,', 9, 0, 1224, 3092),
(3095, 'sed sem egestas blandit. Nam nulla magna,', 9, 0, 1087, 3092),
(3096, 'aliquam iaculis, lacus pede sagittis', 9, 0, 1027, 3092),
(3097, 'egestas. Duis ac arcu.', 9, 0, 1148, 3092),
(3098, 'mus. Donec dignissim magna', 9, 0, 1104, 3092),
(3099, 'vehicula et, rutrum eu, ultrices sit amet, risus. Donec', 9, 0, 635, 3092),
(3100, 'in, tempus eu, ligula. Aenean euismod mauris eu elit.', 9, 0, 651, 3092),
(3101, 'nostra, per inceptos hymenaeos.', 9, 0, 1147, 3092),
(3103, 'ante ipsum primis in faucibus orci luctus et ultrices posuere', 4, 0, 1247, 3102),
(3104, 'tincidunt pede ac urna. Ut', 4, 0, 1045, 3102),
(3105, 'Mauris quis turpis vitae', 4, 0, 1225, 3102),
(3106, 'pharetra. Quisque ac libero nec ligula consectetuer', 4, 0, 1165, 3102),
(3108, 'at, velit. Cras lorem lorem, luctus', 4, 0, 1035, 3107),
(3109, 'ante ipsum primis in faucibus orci luctus et ultrices posuere', 4, 0, 645, 3107),
(3110, 'id ante dictum cursus. Nunc mauris elit,', 4, 0, 643, 3107),
(3111, 'vehicula et, rutrum eu, ultrices sit amet, risus. Donec', 4, 0, 1217, 3107),
(3113, 'gravida. Praesent eu nulla at', 10, 0, 644, 3112),
(3114, 'adipiscing, enim mi tempor lorem,', 10, 0, 1216, 3112),
(3115, 'vitae aliquam eros turpis non enim.', 10, 0, 1212, 3112),
(3116, 'Phasellus ornare. Fusce mollis. Duis sit amet diam eu', 10, 0, 1142, 3112),
(3117, 'imperdiet ullamcorper. Duis at lacus. Quisque purus sapien, gravida non,', 10, 0, 1082, 3112),
(3118, 'fermentum convallis ligula. Donec luctus aliquet odio. Etiam', 10, 0, 1096, 3112),
(3119, 'quis accumsan convallis, ante lectus convallis est,', 10, 0, 630, 3112),
(3120, 'Nullam feugiat placerat velit. Quisque varius. Nam porttitor', 10, 0, 1156, 3112),
(3121, 'Duis cursus, diam at pretium aliquet,', 10, 0, 1036, 3112),
(3122, 'diam. Proin dolor. Nulla semper tellus id nunc', 10, 0, 1140, 3112),
(3124, 'sit amet ornare lectus justo eu arcu.', 3, 0, 1185, 3123),
(3125, 'in, tempus eu, ligula. Aenean euismod mauris eu elit.', 3, 0, 1124, 3123),
(3126, 'ultrices iaculis odio. Nam interdum enim non nisi. Aenean', 3, 0, 1244, 3123),
(3128, 'dui. Cras pellentesque. Sed', 8, 0, 648, 3127),
(3129, 'ullamcorper, nisl arcu', 8, 0, 660, 3127),
(3130, 'eu nibh vulputate mauris sagittis placerat. Cras dictum', 8, 0, 1220, 3127),
(3131, 'ante ipsum primis in faucibus orci luctus et ultrices posuere', 8, 0, 1057, 3127),
(3132, 'ante ipsum primis in faucibus orci luctus et ultrices posuere', 8, 0, 1177, 3127),
(3133, 'lorem, eget mollis lectus', 8, 0, 629, 3127),
(3134, 'at, velit. Pellentesque', 8, 0, 646, 3127),
(3135, 'lorem, eget mollis lectus', 8, 0, 1218, 3127),
(3137, 'Vivamus nisi. Mauris nulla. Integer urna. Vivamus molestie', 3, 0, 1041, 3136),
(3138, 'laoreet ipsum. Curabitur consequat, lectus sit amet luctus', 3, 0, 1101, 3136),
(3139, 'amet nulla. Donec non justo. Proin', 3, 0, 1161, 3136),
(3141, 'non, vestibulum nec,', 3, 0, 1067, 3140),
(3142, 'pharetra. Quisque ac libero nec ligula consectetuer', 3, 0, 1225, 3140),
(3143, 'egestas. Duis ac arcu.', 3, 0, 1247, 3140),
(3145, 'pretium neque. Morbi quis urna. Nunc quis', 4, 0, 1224, 3144),
(3146, 'adipiscing, enim mi tempor lorem,', 4, 0, 1147, 3144),
(3147, 'In faucibus. Morbi vehicula. Pellentesque tincidunt tempus', 4, 0, 1148, 3144),
(3148, 'Vivamus nisi. Mauris nulla. Integer urna. Vivamus molestie', 4, 0, 652, 3144),
(3150, 'enim nec tempus scelerisque,', 8, 0, 1087, 3149),
(3151, 'Aenean eget magna. Suspendisse tristique neque venenatis', 8, 0, 1027, 3149),
(3152, 'dignissim magna a tortor. Nunc commodo auctor velit. Aliquam', 8, 0, 651, 3149),
(3153, 'imperdiet ullamcorper. Duis at lacus. Quisque purus sapien, gravida non,', 8, 0, 1164, 3149),
(3154, 'eu nibh vulputate mauris sagittis placerat. Cras dictum', 8, 0, 1223, 3149),
(3155, 'ultrices iaculis odio. Nam interdum enim non nisi. Aenean', 8, 0, 1028, 3149),
(3156, 'Donec est mauris, rhoncus id, mollis', 8, 0, 1103, 3149),
(3157, 'magna nec quam. Curabitur', 8, 0, 1044, 3149),
(3159, 'quis accumsan convallis, ante lectus convallis est,', 2, 0, 1135, 3158),
(3160, 'In faucibus. Morbi vehicula. Pellentesque tincidunt tempus', 2, 0, 1243, 3158),
(3162, 'at, iaculis quis, pede. Praesent eu', 12, 0, 1112, 3161),
(3163, 'ultrices iaculis odio. Nam interdum enim non nisi. Aenean', 12, 0, 1098, 3161),
(3164, 'dui. Cras pellentesque. Sed', 12, 0, 1177, 3161),
(3165, 'ullamcorper, nisl arcu', 12, 0, 1021, 3161),
(3166, 'In faucibus. Morbi vehicula. Pellentesque tincidunt tempus', 12, 0, 1237, 3161),
(3167, 'Vivamus nisi. Mauris nulla. Integer urna. Vivamus molestie', 12, 0, 1081, 3161),
(3168, 'nonummy ultricies ornare, elit elit fermentum risus, at fringilla purus', 12, 0, 1141, 3161),
(3169, 'In faucibus. Morbi vehicula. Pellentesque tincidunt tempus', 12, 0, 646, 3161),
(3170, 'Donec est mauris, rhoncus id, mollis', 12, 0, 1232, 3161),
(3171, 'aliquet, metus urna convallis erat, eget tincidunt dui', 12, 0, 1100, 3161),
(3172, 'sit amet, risus. Donec', 12, 0, 1160, 3161),
(3173, 'pharetra. Quisque ac libero nec ligula consectetuer', 12, 0, 629, 3161),
(3175, 'eleifend nec, malesuada ut,', 9, 0, 660, 3174),
(3176, 'Nulla aliquet. Proin velit.', 9, 0, 1218, 3174),
(3177, 'Aenean gravida nunc sed pede. Cum', 9, 0, 1040, 3174),
(3178, 'pede blandit congue. In scelerisque', 9, 0, 1160, 3174),
(3179, 'dui. Cras pellentesque. Sed', 9, 0, 646, 3174),
(3180, 'pretium neque. Morbi quis urna. Nunc quis', 9, 0, 1141, 3174),
(3181, 'pretium neque. Morbi quis urna. Nunc quis', 9, 0, 1220, 3174),
(3182, 'id nunc interdum feugiat. Sed nec', 9, 0, 1158, 3174),
(3183, 'nec urna et arcu', 9, 0, 1177, 3174),
(3185, 'cursus non, egestas a, dui. Cras pellentesque. Sed dictum. Proin', 12, 0, 1025, 3184),
(3186, 'id nunc interdum feugiat. Sed nec', 12, 0, 1050, 3184),
(3187, 'imperdiet non, vestibulum nec, euismod in,', 12, 0, 1143, 3184),
(3188, 'elit sed consequat', 12, 0, 633, 3184),
(3189, 'mus. Donec dignissim magna', 12, 0, 1120, 3184),
(3190, 'Cum sociis natoque penatibus et magnis dis parturient', 12, 0, 1240, 3184),
(3191, 'gravida mauris ut mi.', 12, 0, 1170, 3184),
(3192, 'Donec feugiat metus sit amet ante. Vivamus non', 12, 0, 1115, 3184),
(3193, 'Nullam feugiat placerat velit. Quisque varius. Nam porttitor', 12, 0, 1110, 3184),
(3194, 'non justo. Proin non massa non ante bibendum', 12, 0, 1180, 3184),
(3195, 'lacinia at, iaculis quis, pede. Praesent', 12, 0, 631, 3184),
(3196, 'amet nulla. Donec non justo. Proin', 12, 0, 1055, 3184),
(3198, 'amet orci. Ut sagittis lobortis mauris.', 8, 0, 1205, 3197),
(3199, 'magna sed dui. Fusce aliquam, enim nec', 8, 0, 1115, 3197),
(3200, 'amet orci. Ut sagittis lobortis mauris.', 8, 0, 1180, 3197),
(3201, 'nec urna et arcu', 8, 0, 631, 3197),
(3202, 'ac facilisis facilisis, magna tellus faucibus leo, in lobortis', 8, 0, 633, 3197),
(3203, 'adipiscing, enim mi tempor lorem,', 8, 0, 1055, 3197),
(3204, 'quis diam luctus lobortis. Class aptent taciti sociosqu ad', 8, 0, 1145, 3197),
(3205, 'Nullam feugiat placerat velit. Quisque varius. Nam porttitor', 8, 0, 1143, 3197),
(3207, 'nunc. In at pede. Cras', 1, 0, 1246, 3206),
(3209, 'Donec est mauris, rhoncus id, mollis', 6, 0, 1137, 3208),
(3210, 'condimentum eget, volutpat ornare, facilisis eget, ipsum.', 6, 0, 1049, 3208),
(3211, 'enim nec tempus scelerisque,', 6, 0, 1169, 3208),
(3212, 'mus. Donec dignissim magna', 6, 0, 1093, 3208),
(3213, 'Phasellus ornare. Fusce mollis. Duis sit amet diam eu', 6, 0, 1153, 3208),
(3214, 'sit amet, consectetuer adipiscing elit. Curabitur sed tortor. Integer aliquam', 6, 0, 1213, 3208),
(3216, 'quis accumsan convallis, ante lectus convallis est,', 5, 0, 647, 3215),
(3217, 'fermentum convallis ligula. Donec luctus aliquet odio. Etiam', 5, 0, 1151, 3215),
(3218, 'sit amet ante. Vivamus non lorem vitae', 5, 0, 639, 3215),
(3219, 'dui augue eu tellus.', 5, 0, 1219, 3215),
(3220, 'pede blandit congue. In scelerisque', 5, 0, 1211, 3215),
(3222, 'laoreet posuere, enim nisl elementum purus, accumsan', 1, 0, 644, 3221),
(3224, 'Sed eu eros. Nam consequat dolor', 1, 0, 1157, 3223),
(3226, 'Donec est mauris, rhoncus id, mollis', 8, 0, 1065, 3225),
(3227, 'aliquet, metus urna convallis erat, eget tincidunt dui', 8, 0, 1245, 3225),
(3228, 'nonummy ultricies ornare, elit elit fermentum risus, at fringilla purus', 8, 0, 1244, 3225),
(3229, 'non justo. Proin non massa non ante bibendum', 8, 0, 672, 3225),
(3230, 'non, vestibulum nec,', 8, 0, 1130, 3225),
(3231, 'Sed eu eros. Nam consequat dolor', 8, 0, 1190, 3225),
(3232, 'aliquet, metus urna convallis erat, eget tincidunt dui', 8, 0, 1064, 3225),
(3233, 'pulvinar arcu et pede. Nunc sed orci lobortis augue scelerisque', 8, 0, 1074, 3225),
(3235, 'nec urna et arcu', 2, 0, 626, 3234),
(3236, 'tincidunt pede ac urna. Ut', 2, 0, 1078, 3234),
(3238, 'eleifend egestas. Sed pharetra, felis eget varius ultrices,', 7, 0, 1081, 3237),
(3239, 'Aenean massa. Integer vitae nibh. Donec est mauris,', 7, 0, 1057, 3237),
(3240, 'diam. Proin dolor. Nulla semper tellus id nunc', 7, 0, 1232, 3237),
(3241, 'nec urna et arcu', 7, 0, 1117, 3237),
(3242, 'sit amet, risus. Donec', 7, 0, 1040, 3237),
(3243, 'aliquet, metus urna convallis erat, eget tincidunt dui', 7, 0, 1218, 3237),
(3244, 'non, feugiat nec, diam. Duis mi enim, condimentum', 7, 0, 1141, 3237),
(3246, 'sit amet ornare lectus justo eu arcu.', 12, 0, 1153, 3245),
(3247, 'pulvinar arcu et pede. Nunc sed orci lobortis augue scelerisque', 12, 0, 1077, 3245),
(3248, 'vel, convallis in, cursus et, eros.', 12, 0, 1137, 3245),
(3249, 'non justo. Proin non massa non ante bibendum', 12, 0, 654, 3245),
(3250, 'Aenean massa. Integer vitae nibh. Donec est mauris,', 12, 0, 662, 3245),
(3251, 'Mauris quis turpis vitae', 12, 0, 1109, 3245),
(3252, 'gravida. Praesent eu nulla at', 12, 0, 1049, 3245),
(3253, 'eleifend egestas. Sed pharetra, felis eget varius ultrices,', 12, 0, 1114, 3245),
(3254, 'quis accumsan convallis, ante lectus convallis est,', 12, 0, 1106, 3245),
(3255, 'magna sed dui. Fusce aliquam, enim nec', 12, 0, 625, 3245),
(3256, 'ipsum. Phasellus vitae mauris sit', 12, 0, 1033, 3245),
(3257, 'ligula. Aliquam erat volutpat.', 12, 0, 1169, 3245),
(3259, 'tincidunt pede ac urna. Ut', 6, 0, 1057, 3258),
(3260, 'Sed eu eros. Nam consequat dolor', 6, 0, 1038, 3258),
(3261, 'diam. Proin dolor. Nulla semper tellus id nunc', 6, 0, 1172, 3258),
(3262, 'Aenean gravida nunc sed pede. Cum', 6, 0, 1220, 3258),
(3263, 'ipsum. Phasellus vitae mauris sit', 6, 0, 1237, 3258),
(3264, 'ultrices iaculis odio. Nam interdum enim non nisi. Aenean', 6, 0, 1218, 3258),
(3266, 'magna sed dui. Fusce aliquam, enim nec', 4, 0, 675, 3265),
(3267, 'sagittis lobortis mauris. Suspendisse aliquet molestie tellus.', 4, 0, 1045, 3265),
(3268, 'eleifend nec, malesuada ut,', 4, 0, 1247, 3265),
(3269, 'condimentum eget, volutpat ornare, facilisis eget, ipsum.', 4, 0, 1067, 3265),
(3271, 'ante ipsum primis in faucibus orci luctus et ultrices posuere', 8, 0, 633, 3270),
(3272, 'cursus non, egestas a, dui. Cras pellentesque. Sed dictum. Proin', 8, 0, 663, 3270),
(3273, 'pulvinar arcu et pede. Nunc sed orci lobortis augue scelerisque', 8, 0, 1143, 3270),
(3274, 'eleifend nec, malesuada ut,', 8, 0, 1060, 3270),
(3275, 'sit amet, risus. Donec', 8, 0, 1055, 3270),
(3276, 'Sed eu eros. Nam consequat dolor', 8, 0, 658, 3270),
(3277, 'In lorem. Donec elementum, lorem ut aliquam iaculis, lacus pede', 8, 0, 1050, 3270),
(3278, 'vehicula et, rutrum eu, ultrices sit amet, risus. Donec', 8, 0, 1230, 3270),
(3280, 'sagittis lobortis mauris. Suspendisse aliquet molestie tellus.', 1, 0, 627, 3279),
(3282, 'Nullam enim. Sed nulla ante, iaculis nec,', 6, 0, 1056, 3281),
(3283, 'Donec feugiat metus sit amet ante. Vivamus non', 6, 0, 1181, 3281),
(3284, 'quis diam luctus lobortis. Class aptent taciti sociosqu ad', 6, 0, 1231, 3281),
(3285, 'gravida. Praesent eu nulla at', 6, 0, 1236, 3281),
(3286, 'quis massa. Mauris vestibulum, neque sed', 6, 0, 659, 3281),
(3287, 'ac facilisis facilisis, magna tellus faucibus leo, in lobortis', 6, 0, 669, 3281),
(3289, 'ullamcorper, nisl arcu iaculis enim, sit amet ornare lectus justo', 1, 0, 623, 3288),
(3291, 'vel, convallis in, cursus et, eros.', 3, 0, 1233, 3290),
(3292, 'at, velit. Cras lorem lorem, luctus', 3, 0, 661, 3290),
(3293, 'laoreet ipsum. Curabitur consequat, lectus sit amet luctus', 3, 0, 1048, 3290),
(3295, 'dui augue eu tellus.', 3, 0, 671, 3294),
(3296, 'condimentum eget, volutpat ornare, facilisis eget, ipsum.', 3, 0, 1075, 3294),
(3297, 'eleifend egestas. Sed pharetra, felis eget varius ultrices,', 3, 0, 1123, 3294),
(3299, 'ligula. Aliquam erat volutpat.', 10, 0, 1143, 3298),
(3300, 'lectus pede et', 10, 0, 1170, 3298),
(3301, 'vitae aliquam eros turpis non enim.', 10, 0, 1023, 3298),
(3302, 'sed sem egestas blandit. Nam nulla magna,', 10, 0, 1120, 3298),
(3303, 'Cum sociis natoque penatibus et magnis dis parturient', 10, 0, 1050, 3298),
(3304, 'ullamcorper, nisl arcu', 10, 0, 1085, 3298),
(3305, 'nostra, per inceptos hymenaeos.', 10, 0, 1083, 3298),
(3306, 'magna nec quam. Curabitur', 10, 0, 1205, 3298),
(3307, 'Vivamus nibh dolor, nonummy ac, feugiat non, lobortis', 10, 0, 1060, 3298),
(3308, 'sagittis felis. Donec tempor, est ac mattis semper, dui lectus', 10, 0, 1110, 3298),
(3310, 'Sed eu eros. Nam consequat dolor', 9, 0, 1125, 3309),
(3311, 'pede blandit congue. In scelerisque', 9, 0, 1184, 3309),
(3312, 'Aenean gravida nunc sed pede. Cum', 9, 0, 1074, 3309),
(3313, 'in, tempus eu, ligula. Aenean euismod mauris eu elit.', 9, 0, 1070, 3309),
(3314, 'at, velit. Pellentesque', 9, 0, 1190, 3309),
(3315, 'varius et, euismod et, commodo at, libero. Morbi accumsan laoreet', 9, 0, 1194, 3309),
(3316, 'imperdiet non, vestibulum nec, euismod in,', 9, 0, 672, 3309),
(3317, 'eleifend nec, malesuada ut,', 9, 0, 1124, 3309),
(3318, 'imperdiet non, vestibulum nec, euismod in,', 9, 0, 1130, 3309),
(3320, 'eleifend egestas. Sed pharetra, felis eget varius ultrices,', 5, 0, 1043, 3319),
(3321, 'id ante dictum cursus. Nunc mauris elit,', 5, 0, 1208, 3319),
(3322, 'lorem, eget mollis lectus', 5, 0, 652, 3319),
(3323, 'diam. Proin dolor. Nulla semper tellus id nunc', 5, 0, 1163, 3319),
(3324, 'at, velit. Pellentesque', 5, 0, 635, 3319),
(3326, 'ipsum. Phasellus vitae mauris sit', 1, 0, 649, 3325),
(3328, 'lorem, eget mollis lectus', 1, 0, 1138, 3327),
(3330, 'sit amet, consectetuer adipiscing elit. Curabitur sed tortor. Integer aliquam', 2, 0, 1138, 3329),
(3331, 'sit amet, consectetuer adipiscing elit. Curabitur sed tortor. Integer aliquam', 2, 0, 1078, 3329),
(3333, 'id nunc interdum feugiat. Sed nec', 1, 0, 1134, 3332),
(3335, 'non, feugiat nec, diam. Duis mi enim, condimentum', 1, 0, 1179, 3334),
(3337, 'dui augue eu tellus.', 6, 0, 1221, 3336),
(3338, 'Mauris quis turpis vitae', 6, 0, 621, 3336),
(3339, 'id nunc interdum feugiat. Sed nec', 6, 0, 1193, 3336),
(3340, 'pretium neque. Morbi quis urna. Nunc quis', 6, 0, 1041, 3336),
(3341, 'vitae aliquam eros turpis non enim.', 6, 0, 1107, 3336),
(3342, 'ipsum. Phasellus vitae mauris sit', 6, 0, 1133, 3336),
(3344, 'pretium neque. Morbi quis urna. Nunc quis', 10, 0, 1172, 3343),
(3345, 'sit amet, consectetuer adipiscing elit. Curabitur sed tortor. Integer aliquam', 10, 0, 1098, 3343),
(3346, 'non, feugiat nec, diam. Duis mi enim, condimentum', 10, 0, 665, 3343),
(3347, 'Nullam feugiat placerat velit. Quisque varius. Nam porttitor', 10, 0, 1112, 3343),
(3348, 'vel, convallis in, cursus et, eros.', 10, 0, 1100, 3343),
(3349, 'Phasellus ornare. Fusce mollis. Duis', 10, 0, 660, 3343),
(3350, 'rutrum, justo. Praesent luctus. Curabitur egestas nunc', 10, 0, 1141, 3343),
(3351, 'Mauris quis turpis vitae', 10, 0, 648, 3343),
(3352, 'magna nec quam. Curabitur', 10, 0, 1040, 3343),
(3353, 'In faucibus. Morbi vehicula. Pellentesque tincidunt tempus', 10, 0, 1218, 3343),
(3355, 'aliquet, metus urna convallis erat, eget tincidunt dui', 6, 0, 1176, 3354),
(3356, 'Donec est mauris, rhoncus id, mollis', 6, 0, 669, 3354),
(3357, 'Nullam feugiat placerat velit. Quisque varius. Nam porttitor', 6, 0, 659, 3354),
(3358, 'nec urna et arcu', 6, 0, 1051, 3354),
(3359, 'id nunc interdum feugiat. Sed nec', 6, 0, 1231, 3354),
(3360, 'ac facilisis facilisis, magna tellus faucibus leo, in lobortis', 6, 0, 1056, 3354),
(3362, 'non, feugiat nec, diam. Duis mi enim, condimentum', 7, 0, 1154, 3361),
(3363, 'rutrum, justo. Praesent luctus. Curabitur egestas nunc', 7, 0, 676, 3361),
(3364, 'nostra, per inceptos hymenaeos.', 7, 0, 1128, 3361),
(3365, 'non, feugiat nec, diam. Duis mi enim, condimentum', 7, 0, 1239, 3361),
(3366, 'tincidunt adipiscing. Mauris molestie', 7, 0, 1034, 3361),
(3367, 'In faucibus. Morbi vehicula. Pellentesque tincidunt tempus', 7, 0, 1119, 3361),
(3368, 'Nullam feugiat placerat velit. Quisque varius. Nam porttitor', 7, 0, 1179, 3361),
(3370, 'ligula. Aliquam erat volutpat.', 4, 0, 1136, 3369),
(3371, 'quis diam luctus lobortis. Class aptent taciti sociosqu ad', 4, 0, 1192, 3369),
(3372, 'lorem, eget mollis lectus', 4, 0, 1076, 3369),
(3373, 'nunc. In at pede. Cras', 4, 0, 680, 3369),
(3375, 'eleifend egestas. Sed pharetra, felis eget varius ultrices,', 3, 0, 1097, 3374),
(3376, 'amet nulla. Donec non justo. Proin', 3, 0, 1215, 3374),
(3377, 'rutrum, justo. Praesent luctus. Curabitur egestas nunc', 3, 0, 1037, 3374),
(3379, 'sit amet, risus. Donec', 9, 0, 670, 3378),
(3380, 'rutrum, justo. Praesent luctus. Curabitur egestas nunc', 9, 0, 632, 3378),
(3381, 'ipsum. Phasellus vitae mauris sit', 9, 0, 1182, 3378),
(3382, 'in, tempus eu, ligula. Aenean euismod mauris eu elit.', 9, 0, 1204, 3378),
(3383, 'gravida mauris ut mi.', 9, 0, 638, 3378),
(3384, 'gravida molestie arcu.', 9, 0, 650, 3378),
(3385, 'imperdiet non, vestibulum nec, euismod in,', 9, 0, 1062, 3378),
(3386, 'amet orci. Ut sagittis lobortis mauris.', 9, 0, 1042, 3378),
(3387, 'egestas. Duis ac arcu.', 9, 0, 1030, 3378),
(3389, 'In lorem. Donec elementum, lorem ut aliquam iaculis, lacus pede', 1, 0, 1246, 3388),
(3391, 'nec urna et arcu', 5, 0, 1020, 3390),
(3392, 'sagittis lobortis mauris. Suspendisse aliquet molestie tellus.', 5, 0, 630, 3390),
(3393, 'vel, convallis in, cursus et, eros.', 5, 0, 640, 3390),
(3394, 'fermentum convallis ligula. Donec luctus aliquet odio. Etiam', 5, 0, 628, 3390),
(3395, 'aliquet, metus urna convallis erat, eget tincidunt dui', 5, 0, 1096, 3390),
(3397, 'In lorem. Donec elementum, lorem ut aliquam iaculis, lacus pede', 8, 0, 1174, 3396),
(3398, 'quis accumsan convallis, ante lectus convallis est,', 8, 0, 662, 3396),
(3399, 'vehicula et, rutrum eu, ultrices sit amet, risus. Donec', 8, 0, 1114, 3396),
(3400, 'Aenean massa. Integer vitae nibh. Donec est mauris,', 8, 0, 1153, 3396),
(3401, 'cursus non, egestas a, dui. Cras pellentesque. Sed dictum. Proin', 8, 0, 1109, 3396),
(3402, 'non, feugiat nec, diam. Duis mi enim, condimentum', 8, 0, 625, 3396),
(3403, 'pede blandit congue. In scelerisque', 8, 0, 1106, 3396),
(3404, 'id nunc interdum feugiat. Sed nec', 8, 0, 1077, 3396),
(3406, 'vel, convallis in, cursus et, eros.', 1, 0, 1199, 3405),
(3408, 'Aenean eget magna. Suspendisse tristique neque venenatis', 5, 0, 680, 3407),
(3409, 'risus. Quisque libero lacus, varius et,', 5, 0, 1192, 3407),
(3410, 'Vivamus nibh dolor, nonummy ac, feugiat non, lobortis', 5, 0, 1132, 3407),
(3411, 'quis massa. Mauris vestibulum, neque sed', 5, 0, 1076, 3407),
(3412, 'imperdiet non, vestibulum nec, euismod in,', 5, 0, 624, 3407),
(3414, 'rutrum, justo. Praesent luctus. Curabitur egestas nunc', 8, 0, 1120, 3413),
(3415, 'pede blandit congue. In scelerisque', 8, 0, 1180, 3413),
(3416, 'pharetra. Quisque ac libero nec ligula consectetuer', 8, 0, 1235, 3413),
(3417, 'risus. Quisque libero lacus, varius et,', 8, 0, 1050, 3413),
(3418, 'pede blandit congue. In scelerisque', 8, 0, 1060, 3413),
(3419, 'Aenean massa. Integer vitae nibh. Donec est mauris,', 8, 0, 1175, 3413),
(3420, 'ac facilisis facilisis, magna tellus faucibus leo, in lobortis', 8, 0, 663, 3413),
(3421, 'eleifend egestas. Sed pharetra, felis eget varius ultrices,', 8, 0, 1110, 3413),
(3423, 'lectus pede et', 5, 0, 1037, 3422),
(3424, 'at, velit. Pellentesque', 5, 0, 1217, 3422),
(3425, 'gravida molestie arcu.', 5, 0, 1097, 3422),
(3426, 'aliquam iaculis, lacus pede sagittis', 5, 0, 1157, 3422),
(3427, 'non, vestibulum nec,', 5, 0, 645, 3422),
(3429, 'quis massa. Mauris vestibulum, neque sed', 1, 0, 1168, 3428),
(3431, 'egestas. Duis ac arcu.', 5, 0, 1082, 3430),
(3432, 'quis diam luctus lobortis. Class aptent taciti sociosqu ad', 5, 0, 1080, 3430),
(3433, 'non justo. Proin non massa non ante bibendum', 5, 0, 1202, 3430),
(3434, 'erat neque non quam. Pellentesque habitant', 5, 0, 628, 3430),
(3435, 'tincidunt pede ac urna. Ut', 5, 0, 1022, 3430),
(3437, 'id ante dictum cursus. Nunc mauris elit,', 1, 0, 670, 3436),
(3439, 'In faucibus. Morbi vehicula. Pellentesque tincidunt tempus', 7, 0, 1174, 3438),
(3440, 'Vivamus nibh dolor, nonummy ac, feugiat non, lobortis', 7, 0, 1229, 3438),
(3441, 'sed sem egestas blandit. Nam nulla magna,', 7, 0, 641, 3438),
(3442, 'Cum sociis natoque penatibus', 7, 0, 1033, 3438),
(3443, 'Phasellus ornare. Fusce mollis. Duis', 7, 0, 1166, 3438),
(3444, 'lectus pede et', 7, 0, 1226, 3438),
(3445, 'Phasellus ornare. Fusce mollis. Duis', 7, 0, 625, 3438),
(3447, 'Nullam feugiat placerat velit. Quisque varius. Nam porttitor', 7, 0, 1220, 3446),
(3448, 'Phasellus ornare. Fusce mollis. Duis', 7, 0, 1098, 3446),
(3449, 'eu nibh vulputate mauris sagittis placerat. Cras dictum', 7, 0, 1057, 3446),
(3450, 'imperdiet non, vestibulum nec, euismod in,', 7, 0, 665, 3446),
(3451, 'Mauris quis turpis vitae', 7, 0, 629, 3446),
(3452, 'quis massa. Mauris vestibulum, neque sed', 7, 0, 1112, 3446),
(3453, 'vel, convallis in, cursus et, eros.', 7, 0, 1081, 3446),
(3455, 'Sed eu eros. Nam consequat dolor', 8, 0, 1022, 3454),
(3456, 'Aenean massa. Integer vitae nibh. Donec est mauris,', 8, 0, 1036, 3454),
(3457, 'at, velit. Cras lorem lorem, luctus', 8, 0, 1020, 3454),
(3458, 'quis massa. Mauris vestibulum, neque sed', 8, 0, 1156, 3454),
(3459, 'quis diam luctus lobortis. Class aptent taciti sociosqu ad', 8, 0, 1216, 3454),
(3460, 'vehicula et, rutrum eu, ultrices sit amet, risus. Donec', 8, 0, 640, 3454),
(3461, 'vitae, orci. Phasellus dapibus', 8, 0, 1202, 3454),
(3462, 'sit amet ornare lectus justo eu arcu.', 8, 0, 630, 3454),
(3464, 'Duis cursus, diam at pretium aliquet,', 3, 0, 1118, 3463),
(3465, 'sagittis lobortis mauris. Suspendisse aliquet molestie tellus.', 3, 0, 1086, 3463),
(3466, 'Donec feugiat metus sit amet ante. Vivamus non', 3, 0, 1186, 3463),
(3468, 'Nullam enim. Sed nulla ante, iaculis nec,', 5, 0, 1131, 3467),
(3469, 'non, vestibulum nec,', 5, 0, 1191, 3467),
(3470, 'aliquet, metus urna convallis erat, eget tincidunt dui', 5, 0, 1209, 3467),
(3471, 'fermentum convallis ligula. Donec luctus aliquet odio. Etiam', 5, 0, 1029, 3467),
(3472, 'sagittis lobortis mauris. Suspendisse aliquet molestie tellus.', 5, 0, 679, 3467),
(3474, 'non justo. Proin non massa non ante bibendum', 1, 0, 1195, 3473),
(3476, 'aliquam iaculis, lacus pede sagittis', 1, 0, 1085, 3475),
(3478, 'laoreet posuere, enim nisl elementum purus, accumsan', 4, 0, 1127, 3477),
(3479, 'vitae, orci. Phasellus dapibus', 4, 0, 1105, 3477),
(3480, 'Nullam enim. Sed nulla ante, iaculis nec,', 4, 0, 1187, 3477),
(3481, 'Duis cursus, diam at pretium aliquet,', 4, 0, 653, 3477);

-- --------------------------------------------------------

--
-- Estructura de tabla para la tabla `order_`
--

CREATE TABLE `order_` (
  `number` bigint NOT NULL,
  `comments` varchar(500) DEFAULT NULL,
  `date_of_order` datetime(6) NOT NULL,
  `cancelled_by_client` bit(1) DEFAULT NULL,
  `state` varchar(255) DEFAULT NULL,
  `state_start_date` datetime(6) DEFAULT NULL,
  `commentary` varchar(500) DEFAULT NULL,
  `score` float DEFAULT NULL,
  `total_price` float NOT NULL,
  `version` int DEFAULT NULL,
  `id_address` bigint NOT NULL,
  `id_client` bigint NOT NULL,
  `id_delivery_man` bigint DEFAULT NULL,
  `id_supplier` bigint DEFAULT NULL
) ENGINE=InnoDB DEFAULT CHARSET=utf8mb3;

--
-- Volcado de datos para la tabla `order_`
--

INSERT INTO `order_` (`number`, `comments`, `date_of_order`, `cancelled_by_client`, `state`, `state_start_date`, `commentary`, `score`, `total_price`, `version`, `id_address`, `id_client`, `id_delivery_man`, `id_supplier`) VALUES
(1253, 'feugiat. dolor. in, Fusce euismod', '2022-05-08 01:01:31.000000', b'0', 'Pending', '2022-05-08 01:01:31.000000', NULL, NULL, 5805.95, 0, 492, 409, NULL, 616),
(1257, 'nisi. Aenean non eget', '2022-05-02 10:52:13.000000', b'0', 'Pending', '2022-05-02 10:52:13.000000', NULL, NULL, 15.77, 0, 495, 382, NULL, 615),
(1259, 'Curabitur Nulla ut, sem. malesuada interdum.', '2022-05-07 13:16:45.000000', b'0', 'Pending', '2022-05-07 13:16:45.000000', NULL, NULL, 2771.42, 0, 508, 411, NULL, 605),
(1264, 'ut velit. Nulla augue tincidunt, malesuada Sed Proin lacus.', '2022-05-01 14:47:38.000000', b'0', 'Pending', '2022-05-01 14:47:38.000000', NULL, NULL, 6882.75, 0, 474, 393, NULL, 604),
(1269, 'velit. at, lorem Cras', '2022-05-05 11:06:55.000000', b'0', 'Pending', '2022-05-05 11:06:55.000000', NULL, NULL, 13595, 0, 489, 395, NULL, 609),
(1281, 'fringilla. Donec amet vitae Donec dolor. sit metus feugiat', '2022-05-06 08:11:28.000000', b'0', 'Pending', '2022-05-06 08:11:28.000000', NULL, NULL, 275.06, 0, 462, 374, NULL, 617),
(1284, 'est magna suscipit, ac facilisis, facilisis Nullam', '2022-05-03 16:24:42.000000', b'0', 'Pending', '2022-05-03 16:24:42.000000', NULL, NULL, 4400.07, 0, 506, 398, NULL, 619),
(1288, 'eget, Aenean adipiscing facilisis gravida sollicitudin Donec ipsum. ligula.', '2022-05-03 07:45:29.000000', b'0', 'Pending', '2022-05-03 07:45:29.000000', NULL, NULL, 2761.43, 0, 532, 376, NULL, 608),
(1292, 'euismod est arcu consectetuer', '2022-05-07 18:51:11.000000', b'0', 'Pending', '2022-05-07 18:51:11.000000', NULL, NULL, 850.04, 0, 511, 373, NULL, 618),
(1294, 'massa. eget eleifend. Suspendisse', '2022-05-01 06:19:00.000000', b'0', 'Pending', '2022-05-01 06:19:00.000000', NULL, NULL, 530.31, 0, 512, 372, NULL, 606),
(1297, 'sit feugiat dolor. amet Donec fringilla. Donec vitae metus', '2022-05-08 08:06:32.000000', b'0', 'Pending', '2022-05-08 08:06:32.000000', NULL, NULL, 10580.4, 0, 462, 374, NULL, 617),
(1308, 'est suscipit, Nullam facilisis, ac magna facilisis', '2022-05-03 20:16:07.000000', b'0', 'Pending', '2022-05-03 20:16:07.000000', NULL, NULL, 1199.58, 0, 506, 398, NULL, 619),
(1310, 'facilisis eget, ligula. adipiscing Donec sollicitudin gravida Aenean ipsum.', '2022-04-29 22:56:05.000000', b'0', 'Pending', '2022-04-29 22:56:05.000000', NULL, NULL, 5513.78, 0, 532, 376, NULL, 608),
(1316, 'est euismod consectetuer arcu', '2022-05-04 13:49:49.000000', b'0', 'Pending', '2022-05-04 13:49:49.000000', NULL, NULL, 5446.8, 0, 511, 373, NULL, 618),
(1323, 'massa. eleifend. Suspendisse eget', '2022-05-01 13:31:04.000000', b'0', 'Pending', '2022-05-01 13:31:04.000000', NULL, NULL, 1753.64, 0, 512, 372, NULL, 606),
(1326, 'amet vitae metus feugiat sit dolor. fringilla. Donec Donec', '2022-05-02 01:15:29.000000', b'0', 'Pending', '2022-05-02 01:15:29.000000', NULL, NULL, 7752.88, 0, 462, 374, NULL, 617),
(1336, 'suscipit, ac est Nullam magna facilisis, facilisis', '2022-05-05 16:23:23.000000', b'0', 'Pending', '2022-05-05 16:23:23.000000', NULL, NULL, 2462.97, 0, 506, 398, NULL, 619),
(1339, 'eget, sollicitudin ipsum. Donec Aenean gravida ligula. adipiscing facilisis', '2022-05-08 00:30:00.000000', b'0', 'Pending', '2022-05-08 00:30:00.000000', NULL, NULL, 2837.9, 0, 532, 376, NULL, 608),
(1345, 'arcu est consectetuer euismod', '2022-05-03 11:47:48.000000', b'0', 'Pending', '2022-05-03 11:47:48.000000', NULL, NULL, 9613.09, 0, 511, 373, NULL, 618),
(1356, 'eleifend. Suspendisse massa. eget', '2022-05-01 19:53:12.000000', b'0', 'Pending', '2022-05-01 19:53:12.000000', NULL, NULL, 348.22, 0, 512, 372, NULL, 606),
(1358, 'adipiscing porttitor felis, vulputate, mi ante. Maecenas fringilla,', '2022-04-30 06:59:37.000000', b'0', 'Pending', '2022-04-30 06:59:37.000000', NULL, NULL, 18864.3, 0, 453, 411, NULL, 610),
(1369, 'Duis mollis. Fusce ornare. Phasellus', '2022-05-08 04:39:55.000000', b'0', 'Pending', '2022-05-08 04:39:55.000000', NULL, NULL, 6887.14, 0, 533, 387, NULL, 614),
(1375, 'aliquet nec, imperdiet vitae,', '2022-05-03 17:34:04.000000', b'0', 'Pending', '2022-05-03 17:34:04.000000', NULL, NULL, 1892.2, 0, 497, 394, NULL, 619),
(1378, 'velit. Nullam feugiat Quisque placerat', '2022-05-04 12:09:18.000000', b'0', 'Pending', '2022-05-04 12:09:18.000000', NULL, NULL, 8197.58, 0, 520, 393, NULL, 617),
(1385, 'Curabitur sem. interdum. Nulla', '2022-04-30 12:38:58.000000', b'0', 'Pending', '2022-04-30 12:38:58.000000', NULL, NULL, 2465.72, 0, 511, 373, NULL, 617),
(1389, 'eros. dolor eu Donec consequat fringilla. dolor. Nam vitae', '2022-05-04 14:20:23.000000', b'0', 'Pending', '2022-05-04 14:20:23.000000', NULL, NULL, 1620.85, 0, 447, 405, NULL, 602),
(1391, 'molestie. dictum ut, eget, placerat, augue. pellentesque Sed', '2022-05-04 06:48:32.000000', b'0', 'Pending', '2022-05-04 06:48:32.000000', NULL, NULL, 1200.53, 0, 449, 377, NULL, 610),
(1395, 'Sed consequat sed lacinia. egestas congue, elit', '2022-04-29 02:35:58.000000', b'0', 'Pending', '2022-04-29 02:35:58.000000', NULL, NULL, 5984.7, 0, 501, 395, NULL, 610),
(1399, 'purus gravida Duis sagittis.', '2022-05-02 07:21:13.000000', b'0', 'Pending', '2022-05-02 07:21:13.000000', NULL, NULL, 10151, 0, 535, 388, NULL, 611),
(1407, 'nec, eleifend ante, Sed nulla non, iaculis', '2022-05-07 14:06:13.000000', b'0', 'Pending', '2022-05-07 14:06:13.000000', NULL, NULL, 4475.48, 0, 490, 391, NULL, 611),
(1411, 'facilisis metus feugiat. Sed nec', '2022-05-06 14:16:14.000000', b'0', 'Pending', '2022-05-06 14:16:14.000000', NULL, NULL, 8383.64, 0, 506, 398, NULL, 616),
(1415, 'vulputate, lacus. Nunc Cras posuere interdum.', '2022-05-07 06:34:06.000000', b'0', 'Pending', '2022-05-07 06:34:06.000000', NULL, NULL, 2110.47, 0, 517, 374, NULL, 609),
(1420, 'id, Donec nibh. mauris, rhoncus vitae est', '2022-05-08 07:48:36.000000', b'0', 'Pending', '2022-05-08 07:48:36.000000', NULL, NULL, 2730.92, 0, 444, 380, NULL, 603),
(1425, 'Nunc massa. tellus. eros amet nec Quisque porttitor sit', '2022-05-02 03:51:39.000000', b'0', 'Pending', '2022-05-02 03:51:39.000000', NULL, NULL, 10931.4, 0, 509, 400, NULL, 618),
(1435, 'pede, auctor a, ultrices', '2022-04-30 06:24:59.000000', b'0', 'Pending', '2022-04-30 06:24:59.000000', NULL, NULL, 1628, 0, 498, 397, NULL, 608),
(1440, 'sed metus. Aenean nec pede', '2022-05-05 20:35:05.000000', b'0', 'Pending', '2022-05-05 20:35:05.000000', NULL, NULL, 5061.45, 0, 475, 401, NULL, 606),
(1446, 'velit vulputate sem. eu', '2022-05-07 21:57:42.000000', b'0', 'Pending', '2022-05-07 21:57:42.000000', NULL, NULL, 2748.56, 0, 518, 379, NULL, 613),
(1449, 'eget dictum. ullamcorper Aliquam odio. vulputate Proin', '2022-05-06 21:42:09.000000', b'0', 'Pending', '2022-05-06 21:42:09.000000', NULL, NULL, 5192.95, 0, 511, 373, NULL, 610),
(1452, 'nisi sed magna', '2022-05-03 20:19:14.000000', b'0', 'Pending', '2022-05-03 20:19:14.000000', NULL, NULL, 8378.19, 0, 464, 410, NULL, 609),
(1462, 'eget, venenatis a, magna.', '2022-04-30 15:17:25.000000', b'0', 'Pending', '2022-04-30 15:17:25.000000', NULL, NULL, 3234.03, 0, 477, 376, NULL, 610),
(1466, 'nunc mollis est,', '2022-05-03 13:14:11.000000', b'0', 'Pending', '2022-05-03 13:14:11.000000', NULL, NULL, 1673.73, 0, 466, 403, NULL, 619),
(1469, 'Fusce Suspendisse pede. quis, dui. lobortis', '2022-05-01 08:29:40.000000', b'0', 'Pending', '2022-05-01 08:29:40.000000', NULL, NULL, 3685.21, 0, 496, 399, NULL, 611),
(1473, 'Sed metus nec tristique facilisis lorem aliquet. feugiat.', '2022-04-29 22:26:53.000000', b'0', 'Pending', '2022-04-29 22:26:53.000000', NULL, NULL, 21.73, 0, 464, 410, NULL, 612),
(1475, 'adipiscing pede, lobortis risus. In mi', '2022-05-04 05:55:42.000000', b'0', 'Pending', '2022-05-04 05:55:42.000000', NULL, NULL, 4872.97, 0, 474, 393, NULL, 620),
(1477, 'magna tortor. Nunc a commodo', '2022-05-08 00:22:23.000000', b'0', 'Pending', '2022-05-08 00:22:23.000000', NULL, NULL, 71.06, 0, 507, 386, NULL, 602),
(1479, 'mus. dignissim tortor. ridiculus magna a Donec', '2022-05-02 16:48:28.000000', b'0', 'Pending', '2022-05-02 16:48:28.000000', NULL, NULL, 3751.15, 0, 523, 370, NULL, 605),
(1486, 'gravida enim, sit amet,', '2022-05-05 16:51:29.000000', b'0', 'Pending', '2022-05-05 16:51:29.000000', NULL, NULL, 7327.21, 0, 465, 393, NULL, 602),
(1492, 'lacus. Nulla malesuada velit. Sed ut augue', '2022-04-30 04:19:29.000000', b'0', 'Pending', '2022-04-30 04:19:29.000000', NULL, NULL, 9938.09, 0, 534, 383, NULL, 611),
(1501, 'Sed Nulla neque. elit. eget facilisi. lacus. Sed', '2022-05-03 18:56:33.000000', b'0', 'Pending', '2022-05-03 18:56:33.000000', NULL, NULL, 2821.89, 0, 435, 391, NULL, 606),
(1505, 'Donec ipsum amet egestas. Vivamus sit arcu. non risus.', '2022-05-07 21:23:36.000000', b'0', 'Pending', '2022-05-07 21:23:36.000000', NULL, NULL, 4079.84, 0, 462, 374, NULL, 617),
(1510, 'ipsum. vitae Phasellus ac augue mauris', '2022-05-01 03:38:37.000000', b'0', 'Pending', '2022-05-01 03:38:37.000000', NULL, NULL, 4124.79, 0, 467, 378, NULL, 614),
(1514, 'metus. eu In lorem. lorem feugiat a tellus', '2022-05-04 23:55:51.000000', b'0', 'Pending', '2022-05-04 23:55:51.000000', NULL, NULL, 2029.25, 0, 534, 383, NULL, 613),
(1517, 'Sed Etiam enim. gravida euismod eu arcu. molestie fringilla', '2022-05-04 15:54:09.000000', b'0', 'Pending', '2022-05-04 15:54:09.000000', NULL, NULL, 2421.24, 0, 445, 389, NULL, 613),
(1520, 'diam. nec, Duis', '2022-05-08 04:46:08.000000', b'0', 'Pending', '2022-05-08 04:46:08.000000', NULL, NULL, 4903.01, 0, 485, 387, NULL, 606),
(1525, 'risus, fermentum elit elit fringilla mauris purus at', '2022-05-08 10:43:53.000000', b'0', 'Pending', '2022-05-08 10:43:53.000000', NULL, NULL, 2834.09, 0, 475, 401, NULL, 604),
(1527, 'risus. erat elit in mollis Duis dui, sodales sem vitae', '2022-05-04 09:29:09.000000', b'0', 'Pending', '2022-05-04 09:29:09.000000', NULL, NULL, 1226.55, 0, 536, 375, NULL, 614),
(1529, 'malesuada Sed velit. augue', '2022-05-06 12:53:16.000000', b'0', 'Pending', '2022-05-06 12:53:16.000000', NULL, NULL, 11943.5, 0, 525, 404, NULL, 610),
(1541, 'risus ut auctor Duis odio, mi.', '2022-05-05 08:16:38.000000', b'0', 'Pending', '2022-05-05 08:16:38.000000', NULL, NULL, 5151.23, 0, 529, 393, NULL, 620),
(1546, 'scelerisque blandit In scelerisque congue.', '2022-05-05 11:07:52.000000', b'0', 'Pending', '2022-05-05 11:07:52.000000', NULL, NULL, 2428.8, 0, 540, 387, NULL, 604),
(1549, 'ullamcorper eu, fermentum sem ac, vel, nunc, mauris. Integer euismod', '2022-05-06 15:14:08.000000', b'0', 'Pending', '2022-05-06 15:14:08.000000', NULL, NULL, 6110.19, 0, 433, 381, NULL, 601),
(1554, 'sed leo. Cras Cras', '2022-05-05 01:23:37.000000', b'0', 'Pending', '2022-05-05 01:23:37.000000', NULL, NULL, 467.26, 0, 478, 387, NULL, 608),
(1558, 'porta ultrices, eget ipsum felis pharetra, varius mauris', '2022-05-01 10:28:55.000000', b'0', 'Pending', '2022-05-01 10:28:55.000000', NULL, NULL, 3360.07, 0, 466, 403, NULL, 607),
(1564, 'sit dolor ipsum amet,', '2022-05-02 00:10:52.000000', b'0', 'Pending', '2022-05-02 00:10:52.000000', NULL, NULL, 4759.85, 0, 434, 395, NULL, 616),
(1567, 'semper feugiat. nunc Nulla Sed interdum tellus id', '2022-05-01 14:53:34.000000', b'0', 'Pending', '2022-05-01 14:53:34.000000', NULL, NULL, 6566.31, 0, 521, 403, NULL, 618),
(1578, 'molestie eu, tempus ut, pede, in, nonummy ligula.', '2022-05-07 22:42:43.000000', b'0', 'Pending', '2022-05-07 22:42:43.000000', NULL, NULL, 340.06, 0, 453, 411, NULL, 609),
(1581, 'Duis non ante bibendum ullamcorper. cursus, diam at', '2022-04-30 17:43:47.000000', b'0', 'Pending', '2022-04-30 17:43:47.000000', NULL, NULL, 94.47, 0, 514, 396, NULL, 612),
(1583, 'a, dolor sapien. quam, at, scelerisque Fusce sed, egestas elementum', '2022-05-05 02:01:54.000000', b'0', 'Pending', '2022-05-05 02:01:54.000000', NULL, NULL, 2154.63, 0, 496, 399, NULL, 601),
(1586, 'Nunc neque. Morbi quis urna. quis', '2022-05-04 07:14:22.000000', b'0', 'Pending', '2022-05-04 07:14:22.000000', NULL, NULL, 7529.1, 0, 536, 375, NULL, 611),
(1593, 'nibh consectetuer ac lacinia orci, orci. est euismod arcu', '2022-05-07 11:15:43.000000', b'0', 'Pending', '2022-05-07 11:15:43.000000', NULL, NULL, 4292.29, 0, 466, 403, NULL, 608),
(1598, 'elit, pharetra sem Integer', '2022-05-01 23:50:11.000000', b'0', 'Pending', '2022-05-01 23:50:11.000000', NULL, NULL, 3406.82, 0, 443, 397, NULL, 605),
(1604, 'sit ornare amet iaculis lectus justo arcu eu enim,', '2022-05-05 12:12:42.000000', b'0', 'Pending', '2022-05-05 12:12:42.000000', NULL, NULL, 7157.84, 0, 441, 399, NULL, 618),
(1614, 'Aenean blandit fermentum sed metus. nec viverra. ante pede', '2022-05-03 02:53:59.000000', b'0', 'Pending', '2022-05-03 02:53:59.000000', NULL, NULL, 2801.69, 0, 484, 369, NULL, 607),
(1620, 'Pellentesque Morbi vehicula. ornare. sapien faucibus. imperdiet In', '2022-05-04 00:20:26.000000', b'0', 'Pending', '2022-05-04 00:20:26.000000', NULL, NULL, 12430, 0, 473, 395, NULL, 609),
(1632, 'Curabitur consectetuer sed amet, elit. adipiscing', '2022-04-30 12:57:59.000000', b'0', 'Pending', '2022-04-30 12:57:59.000000', NULL, NULL, 11374.5, 0, 518, 379, NULL, 610),
(1640, 'orci, dictum nunc risus eleifend, varius', '2022-05-01 19:30:09.000000', b'0', 'Pending', '2022-05-01 19:30:09.000000', NULL, NULL, 9085.91, 0, 498, 397, NULL, 618),
(1648, 'commodo libero. et, at, Morbi accumsan', '2022-04-28 23:35:47.000000', b'0', 'Pending', '2022-04-28 23:35:47.000000', NULL, NULL, 2097.05, 0, 465, 393, NULL, 616),
(1650, 'Vivamus sit non ante. amet metus', '2022-05-04 15:45:41.000000', b'0', 'Pending', '2022-05-04 15:45:41.000000', NULL, NULL, 2406.2, 0, 517, 374, NULL, 615),
(1656, 'habitant Pellentesque tristique senectus morbi', '2022-05-01 13:43:42.000000', b'0', 'Pending', '2022-05-01 13:43:42.000000', NULL, NULL, 2011.75, 0, 509, 400, NULL, 602),
(1660, 'Curabitur enim arcu. ut orci, vel diam in consequat varius', '2022-05-02 23:28:48.000000', b'0', 'Pending', '2022-05-02 23:28:48.000000', NULL, NULL, 13313.6, 0, 446, 395, NULL, 611),
(1673, 'est tellus facilisis, magna facilisis ac', '2022-04-30 07:28:50.000000', b'0', 'Pending', '2022-04-30 07:28:50.000000', NULL, NULL, 1958.81, 0, 524, 374, NULL, 619),
(1676, 'euismod feugiat. Fusce dolor. in,2', '2022-05-04 00:14:37.000000', b'0', 'Pending', '2022-05-04 00:14:37.000000', NULL, NULL, 8007.17, 0, 492, 409, NULL, 616),
(1680, 'nisi. non eget Aenean2', '2022-05-03 17:12:34.000000', b'0', 'Pending', '2022-05-03 17:12:34.000000', NULL, NULL, 15.69, 0, 495, 382, NULL, 615),
(1683, 'interdum. malesuada sem. ut, Curabitur Nulla2', '2022-05-06 15:15:16.000000', b'0', 'Pending', '2022-05-06 15:15:16.000000', NULL, NULL, 4407.71, 0, 508, 411, NULL, 605),
(1691, 'Proin malesuada tincidunt, Nulla ut Sed augue lacus. velit.2', '2022-04-30 21:01:45.000000', b'0', 'Pending', '2022-04-30 21:01:45.000000', NULL, NULL, 6261.53, 0, 474, 393, NULL, 604),
(1695, 'lorem at, Cras velit.2', '2022-05-08 10:47:14.000000', b'0', 'Pending', '2022-05-08 10:47:14.000000', NULL, NULL, 9590.79, 0, 489, 395, NULL, 609),
(1705, 'Donec sit amet dolor. feugiat metus Donec fringilla. vitae2', '2022-05-04 12:33:18.000000', b'0', 'Pending', '2022-05-04 12:33:18.000000', NULL, NULL, 9492.47, 0, 462, 374, NULL, 617),
(1715, 'suscipit, magna facilisis, est Nullam ac facilisis2', '2022-04-30 19:33:21.000000', b'0', 'Pending', '2022-04-30 19:33:21.000000', NULL, NULL, 2534.91, 0, 506, 398, NULL, 619),
(1719, 'eget, facilisis Aenean ligula. gravida adipiscing ipsum. Donec sollicitudin2', '2022-04-30 01:00:05.000000', b'0', 'Pending', '2022-04-30 01:00:05.000000', NULL, NULL, 2821.66, 0, 532, 376, NULL, 608),
(1724, 'arcu est consectetuer euismod2', '2022-05-02 18:10:47.000000', b'0', 'Pending', '2022-05-02 18:10:47.000000', NULL, NULL, 7799.98, 0, 511, 373, NULL, 618),
(1730, 'massa. eleifend. Suspendisse eget2', '2022-05-05 10:40:40.000000', b'0', 'Pending', '2022-05-05 10:40:40.000000', NULL, NULL, 9364.81, 0, 512, 372, NULL, 606),
(1741, 'metus Donec fringilla. vitae dolor. feugiat sit amet Donec2', '2022-05-03 11:21:35.000000', b'0', 'Pending', '2022-05-03 11:21:35.000000', NULL, NULL, 8187.11, 0, 462, 374, NULL, 617),
(1751, 'magna suscipit, est Nullam facilisis, ac facilisis2', '2022-05-08 09:03:21.000000', b'0', 'Pending', '2022-05-08 09:03:21.000000', NULL, NULL, 4114.12, 0, 506, 398, NULL, 619),
(1756, 'sollicitudin eget, adipiscing ligula. Donec Aenean gravida facilisis ipsum.2', '2022-05-03 18:28:07.000000', b'0', 'Pending', '2022-05-03 18:28:07.000000', NULL, NULL, 1307.25, 0, 532, 376, NULL, 608),
(1759, 'euismod est arcu consectetuer2', '2022-05-04 21:32:51.000000', b'0', 'Pending', '2022-05-04 21:32:51.000000', NULL, NULL, 12260.9, 0, 511, 373, NULL, 618),
(1770, 'eget Suspendisse massa. eleifend.2', '2022-05-07 08:33:18.000000', b'0', 'Pending', '2022-05-07 08:33:18.000000', NULL, NULL, 4982.29, 0, 512, 372, NULL, 606),
(1777, 'sit dolor. feugiat metus vitae Donec fringilla. Donec amet2', '2022-05-08 14:00:26.000000', b'0', 'Pending', '2022-05-08 14:00:26.000000', NULL, NULL, 6248.52, 0, 462, 374, NULL, 617),
(1784, 'facilisis, ac Nullam facilisis magna est suscipit,2', '2022-05-03 09:27:14.000000', b'0', 'Pending', '2022-05-03 09:27:14.000000', NULL, NULL, 6204.1, 0, 506, 398, NULL, 619),
(1789, 'Aenean eget, gravida ligula. facilisis adipiscing sollicitudin Donec ipsum.2', '2022-05-07 15:46:27.000000', b'0', 'Pending', '2022-05-07 15:46:27.000000', NULL, NULL, 1221.49, 0, 532, 376, NULL, 608),
(1791, 'arcu est euismod consectetuer2', '2022-05-07 00:24:12.000000', b'0', 'Pending', '2022-05-07 00:24:12.000000', NULL, NULL, 6039.64, 0, 511, 373, NULL, 618),
(1801, 'eget massa. Suspendisse eleifend.2', '2022-04-30 13:48:16.000000', b'0', 'Pending', '2022-04-30 13:48:16.000000', NULL, NULL, 7013.1, 0, 512, 372, NULL, 606),
(1811, 'fringilla, felis, mi adipiscing porttitor Maecenas vulputate, ante.2', '2022-05-05 20:51:23.000000', b'0', 'Pending', '2022-05-05 20:51:23.000000', NULL, NULL, 9995.67, 0, 453, 411, NULL, 610),
(1817, 'mollis. Duis Fusce ornare. Phasellus2', '2022-05-06 01:40:26.000000', b'0', 'Pending', '2022-05-06 01:40:26.000000', NULL, NULL, 944.91, 0, 533, 387, NULL, 614),
(1819, 'imperdiet aliquet nec, vitae,2', '2022-05-08 16:53:59.000000', b'0', 'Pending', '2022-05-08 16:53:59.000000', NULL, NULL, 1091.62, 0, 497, 394, NULL, 619),
(1821, 'placerat Quisque Nullam feugiat velit.2', '2022-05-06 00:55:09.000000', b'0', 'Pending', '2022-05-06 00:55:09.000000', NULL, NULL, 4817.47, 0, 520, 393, NULL, 617),
(1827, 'sem. Nulla Curabitur interdum.2', '2022-05-04 10:46:13.000000', b'0', 'Pending', '2022-05-04 10:46:13.000000', NULL, NULL, 3085.12, 0, 511, 373, NULL, 617),
(1831, 'Nam eros. fringilla. Donec vitae eu consequat dolor dolor.2', '2022-05-01 19:50:19.000000', b'0', 'Pending', '2022-05-01 19:50:19.000000', NULL, NULL, 7869.84, 0, 447, 405, NULL, 602),
(1837, 'ut, pellentesque augue. eget, Sed molestie. placerat, dictum2', '2022-05-02 23:01:40.000000', b'0', 'Pending', '2022-05-02 23:01:40.000000', NULL, NULL, 2722.65, 0, 449, 377, NULL, 610),
(1841, 'elit lacinia. consequat sed egestas congue, Sed2', '2022-05-04 19:23:31.000000', b'0', 'Pending', '2022-05-04 19:23:31.000000', NULL, NULL, 8030.37, 0, 501, 395, NULL, 610),
(1848, 'Duis sagittis. gravida purus2', '2022-05-03 06:22:03.000000', b'0', 'Pending', '2022-05-03 06:22:03.000000', NULL, NULL, 8820.54, 0, 535, 388, NULL, 611),
(1855, 'nulla non, Sed eleifend nec, ante, iaculis2', '2022-05-01 08:23:18.000000', b'0', 'Pending', '2022-05-01 08:23:18.000000', NULL, NULL, 3389.24, 0, 490, 391, NULL, 611),
(1858, 'metus Sed nec feugiat. facilisis2', '2022-05-05 22:04:16.000000', b'0', 'Pending', '2022-05-05 22:04:16.000000', NULL, NULL, 14316, 0, 506, 398, NULL, 616),
(1865, 'Cras vulputate, lacus. interdum. posuere Nunc2', '2022-05-02 14:23:09.000000', b'0', 'Pending', '2022-05-02 14:23:09.000000', NULL, NULL, 16395.2, 0, 517, 374, NULL, 609),
(1877, 'Donec rhoncus id, vitae nibh. est mauris,2', '2022-04-29 13:09:58.000000', b'0', 'Pending', '2022-04-29 13:09:58.000000', NULL, NULL, 792.74, 0, 444, 380, NULL, 603),
(1879, 'sit eros massa. amet nec tellus. Nunc porttitor Quisque2', '2022-05-03 03:48:22.000000', b'0', 'Pending', '2022-05-03 03:48:22.000000', NULL, NULL, 174.93, 0, 509, 400, NULL, 618),
(1882, 'a, auctor ultrices pede,2', '2022-05-03 13:09:23.000000', b'0', 'Pending', '2022-05-03 13:09:23.000000', NULL, NULL, 1235.36, 0, 498, 397, NULL, 608),
(1884, 'nec pede metus. sed Aenean2', '2022-05-05 00:37:45.000000', b'0', 'Pending', '2022-05-05 00:37:45.000000', NULL, NULL, 10214.3, 0, 475, 401, NULL, 606),
(1895, 'eu sem. velit vulputate2', '2022-05-03 13:32:32.000000', b'0', 'Pending', '2022-05-03 13:32:32.000000', NULL, NULL, 2524.89, 0, 518, 379, NULL, 613),
(1898, 'ullamcorper Aliquam eget Proin dictum. odio. vulputate2', '2022-05-01 07:38:18.000000', b'0', 'Pending', '2022-05-01 07:38:18.000000', NULL, NULL, 4438.64, 0, 511, 373, NULL, 610),
(1901, 'sed nisi magna2', '2022-05-03 10:24:54.000000', b'0', 'Pending', '2022-05-03 10:24:54.000000', NULL, NULL, 8938.95, 0, 464, 410, NULL, 609),
(1910, 'venenatis magna. a, eget,2', '2022-05-02 00:35:45.000000', b'0', 'Pending', '2022-05-02 00:35:45.000000', NULL, NULL, 5840.78, 0, 477, 376, NULL, 610),
(1915, 'est, nunc mollis2', '2022-05-03 07:06:00.000000', b'0', 'Pending', '2022-05-03 07:06:00.000000', NULL, NULL, 1152.88, 0, 466, 403, NULL, 619),
(1917, 'Fusce Suspendisse lobortis dui. pede. quis,2', '2022-05-04 01:03:18.000000', b'0', 'Pending', '2022-05-04 01:03:18.000000', NULL, NULL, 2221.15, 0, 496, 399, NULL, 611),
(1920, 'tristique aliquet. lorem nec Sed metus feugiat. facilisis2', '2022-05-02 17:06:05.000000', b'0', 'Pending', '2022-05-02 17:06:05.000000', NULL, NULL, 288.51, 0, 464, 410, NULL, 612),
(1922, 'pede, risus. lobortis In adipiscing mi2', '2022-05-03 17:22:16.000000', b'0', 'Pending', '2022-05-03 17:22:16.000000', NULL, NULL, 8381.51, 0, 474, 393, NULL, 620),
(1924, 'magna commodo Nunc tortor. a2', '2022-05-06 00:04:35.000000', b'0', 'Pending', '2022-05-06 00:04:35.000000', NULL, NULL, 54.66, 0, 507, 386, NULL, 602),
(1926, 'Donec ridiculus dignissim magna a mus. tortor.2', '2022-05-03 18:32:15.000000', b'0', 'Pending', '2022-05-03 18:32:15.000000', NULL, NULL, 5550.43, 0, 523, 370, NULL, 605),
(1933, 'sit gravida enim, amet,2', '2022-04-29 05:03:33.000000', b'0', 'Pending', '2022-04-29 05:03:33.000000', NULL, NULL, 1894.3, 0, 465, 393, NULL, 602),
(1938, 'ut malesuada augue velit. lacus. Nulla Sed2', '2022-04-29 19:15:41.000000', b'0', 'Pending', '2022-04-29 19:15:41.000000', NULL, NULL, 14392.7, 0, 534, 383, NULL, 611),
(1949, 'lacus. Nulla neque. Sed facilisi. eget Sed elit.2', '2022-04-29 08:45:25.000000', b'0', 'Pending', '2022-04-29 08:45:25.000000', NULL, NULL, 6308.64, 0, 435, 391, NULL, 606),
(1960, 'egestas. sit Vivamus ipsum non amet risus. Donec arcu.2', '2022-05-07 18:22:37.000000', b'0', 'Pending', '2022-05-07 18:22:37.000000', NULL, NULL, 7919.86, 0, 462, 374, NULL, 617),
(1965, 'mauris Phasellus ipsum. augue vitae ac2', '2022-05-08 08:47:31.000000', b'0', 'Pending', '2022-05-08 08:47:31.000000', NULL, NULL, 1656.38, 0, 467, 378, NULL, 614),
(1967, 'a tellus lorem lorem. In metus. feugiat eu2', '2022-04-28 21:34:03.000000', b'0', 'Pending', '2022-04-28 21:34:03.000000', NULL, NULL, 2206.6, 0, 534, 383, NULL, 613),
(1970, 'fringilla euismod enim. eu molestie arcu. Etiam gravida Sed2', '2022-04-29 12:07:29.000000', b'0', 'Pending', '2022-04-29 12:07:29.000000', NULL, NULL, 1126.46, 0, 445, 389, NULL, 613),
(1972, 'Duis diam. nec,2', '2022-05-05 20:37:54.000000', b'0', 'Pending', '2022-05-05 20:37:54.000000', NULL, NULL, 5956.29, 0, 485, 387, NULL, 606),
(1980, 'fermentum elit risus, mauris fringilla purus at elit2', '2022-04-30 13:59:08.000000', b'0', 'Pending', '2022-04-30 13:59:08.000000', NULL, NULL, 5837.94, 0, 475, 401, NULL, 604),
(1985, 'mollis sem sodales Duis in vitae dui, erat risus. elit2', '2022-05-04 19:28:28.000000', b'0', 'Pending', '2022-05-04 19:28:28.000000', NULL, NULL, 2153.7, 0, 536, 375, NULL, 614),
(1988, 'malesuada velit. augue Sed2', '2022-05-02 05:06:42.000000', b'0', 'Pending', '2022-05-02 05:06:42.000000', NULL, NULL, 2611.1, 0, 525, 404, NULL, 610),
(1994, 'odio, risus mi. auctor ut Duis2', '2022-04-30 18:19:58.000000', b'0', 'Pending', '2022-04-30 18:19:58.000000', NULL, NULL, 11704.8, 0, 529, 393, NULL, 620),
(2001, 'congue. In scelerisque scelerisque blandit2', '2022-05-02 05:16:04.000000', b'0', 'Pending', '2022-05-02 05:16:04.000000', NULL, NULL, 15235.8, 0, 540, 387, NULL, 604),
(2009, 'vel, nunc, sem Integer fermentum mauris. euismod ullamcorper ac, eu,2', '2022-04-29 12:26:34.000000', b'0', 'Pending', '2022-04-29 12:26:34.000000', NULL, NULL, 3915.54, 0, 433, 381, NULL, 601),
(2012, 'Cras leo. sed Cras2', '2022-05-05 09:58:53.000000', b'0', 'Pending', '2022-05-05 09:58:53.000000', NULL, NULL, 7242.55, 0, 478, 387, NULL, 608),
(2018, 'varius mauris felis eget ultrices, ipsum pharetra, porta2', '2022-05-02 23:04:24.000000', b'0', 'Pending', '2022-05-02 23:04:24.000000', NULL, NULL, 13000.2, 0, 466, 403, NULL, 607),
(2029, 'sit amet, dolor ipsum2', '2022-05-02 09:00:52.000000', b'0', 'Pending', '2022-05-02 09:00:52.000000', NULL, NULL, 9500.31, 0, 434, 395, NULL, 616),
(2035, 'nunc Nulla interdum tellus id feugiat. semper Sed2', '2022-04-28 20:32:09.000000', b'0', 'Pending', '2022-04-28 20:32:09.000000', NULL, NULL, 6521.86, 0, 521, 403, NULL, 618),
(2045, 'ut, nonummy in, tempus molestie eu, ligula. pede,2', '2022-05-02 02:43:22.000000', b'0', 'Pending', '2022-05-02 02:43:22.000000', NULL, NULL, 1426.2, 0, 453, 411, NULL, 609),
(2048, 'Duis at ullamcorper. bibendum diam ante cursus, non2', '2022-05-08 02:11:14.000000', b'0', 'Pending', '2022-05-08 02:11:14.000000', NULL, NULL, 94.47, 0, 514, 396, NULL, 612),
(2050, 'Fusce dolor sapien. egestas elementum a, scelerisque sed, at, quam,2', '2022-05-07 17:31:11.000000', b'0', 'Pending', '2022-05-07 17:31:11.000000', NULL, NULL, 4643.86, 0, 496, 399, NULL, 601),
(2053, 'neque. urna. quis Nunc Morbi quis2', '2022-04-29 08:20:08.000000', b'0', 'Pending', '2022-04-29 08:20:08.000000', NULL, NULL, 12459.3, 0, 536, 375, NULL, 611),
(2063, 'euismod est orci, nibh lacinia consectetuer orci. ac arcu2', '2022-05-07 07:26:03.000000', b'0', 'Pending', '2022-05-07 07:26:03.000000', NULL, NULL, 4072.43, 0, 466, 403, NULL, 608),
(2068, 'sem elit, pharetra Integer2', '2022-05-07 09:15:44.000000', b'0', 'Pending', '2022-05-07 09:15:44.000000', NULL, NULL, 5765.45, 0, 443, 397, NULL, 605),
(2076, 'arcu eu amet iaculis lectus justo sit ornare enim,2', '2022-05-03 21:53:30.000000', b'0', 'Pending', '2022-05-03 21:53:30.000000', NULL, NULL, 5536.21, 0, 441, 399, NULL, 618),
(2082, 'metus. viverra. pede Aenean sed ante blandit fermentum nec2', '2022-04-29 05:14:14.000000', b'0', 'Pending', '2022-04-29 05:14:14.000000', NULL, NULL, 11710.7, 0, 484, 369, NULL, 607),
(2093, 'Morbi vehicula. Pellentesque imperdiet In ornare. sapien faucibus.2', '2022-05-04 16:12:00.000000', b'0', 'Pending', '2022-05-04 16:12:00.000000', NULL, NULL, 9182.8, 0, 473, 395, NULL, 609),
(2103, 'adipiscing Curabitur amet, sed elit. consectetuer2', '2022-04-29 05:42:05.000000', b'0', 'Pending', '2022-04-29 05:42:05.000000', NULL, NULL, 6752.88, 0, 518, 379, NULL, 610),
(2110, 'varius dictum nunc risus orci, eleifend,2', '2022-05-03 17:49:35.000000', b'0', 'Pending', '2022-05-03 17:49:35.000000', NULL, NULL, 1151.02, 0, 498, 397, NULL, 618),
(2113, 'et, libero. at, commodo Morbi accumsan2', '2022-05-05 01:34:40.000000', b'0', 'Pending', '2022-05-05 01:34:40.000000', NULL, NULL, 10924.5, 0, 465, 393, NULL, 616),
(2118, 'metus Vivamus amet non sit ante.2', '2022-04-29 12:03:41.000000', b'0', 'Pending', '2022-04-29 12:03:41.000000', NULL, NULL, 3506.61, 0, 517, 374, NULL, 615),
(2124, 'tristique Pellentesque habitant senectus morbi2', '2022-05-05 13:40:08.000000', b'0', 'Pending', '2022-05-05 13:40:08.000000', NULL, NULL, 3804.62, 0, 509, 400, NULL, 602),
(2127, 'Curabitur consequat vel diam varius orci, arcu. ut in enim2', '2022-05-02 18:40:02.000000', b'0', 'Pending', '2022-05-02 18:40:02.000000', NULL, NULL, 10700.7, 0, 446, 395, NULL, 611),
(2138, 'est tellus magna facilisis, ac facilisis2', '2022-05-03 14:09:18.000000', b'0', 'Pending', '2022-05-03 14:09:18.000000', NULL, NULL, 1512.45, 0, 524, 374, NULL, 619),
(2141, 'dolor. Fusce feugiat. euismod in,3', '2022-05-02 04:13:31.000000', b'0', 'Pending', '2022-05-02 04:13:31.000000', NULL, NULL, 12314.1, 0, 492, 409, NULL, 616),
(2147, 'eget Aenean nisi. non3', '2022-05-05 21:24:19.000000', b'0', 'Pending', '2022-05-05 21:24:19.000000', NULL, NULL, 5.87, 0, 495, 382, NULL, 615),
(2149, 'Curabitur malesuada interdum. sem. ut, Nulla3', '2022-05-01 18:10:34.000000', b'0', 'Pending', '2022-05-01 18:10:34.000000', NULL, NULL, 491.87, 0, 508, 411, NULL, 605),
(2151, 'Proin lacus. Nulla tincidunt, malesuada velit. augue ut Sed3', '2022-05-03 00:35:58.000000', b'0', 'Pending', '2022-05-03 00:35:58.000000', NULL, NULL, 9870.04, 0, 474, 393, NULL, 604),
(2158, 'at, lorem velit. Cras3', '2022-04-30 03:04:23.000000', b'0', 'Pending', '2022-04-30 03:04:23.000000', NULL, NULL, 13141.9, 0, 489, 395, NULL, 609),
(2168, 'amet dolor. metus fringilla. feugiat vitae Donec sit Donec3', '2022-05-08 05:26:53.000000', b'0', 'Pending', '2022-05-08 05:26:53.000000', NULL, NULL, 5729.85, 0, 462, 374, NULL, 617),
(2175, 'facilisis magna est facilisis, ac suscipit, Nullam3', '2022-04-30 04:59:40.000000', b'0', 'Pending', '2022-04-30 04:59:40.000000', NULL, NULL, 5507.39, 0, 506, 398, NULL, 619),
(2181, 'adipiscing gravida sollicitudin Donec ligula. Aenean eget, facilisis ipsum.3', '2022-05-02 14:42:41.000000', b'0', 'Pending', '2022-05-02 14:42:41.000000', NULL, NULL, 2532.49, 0, 532, 376, NULL, 608),
(2184, 'arcu euismod consectetuer est3', '2022-05-04 03:22:14.000000', b'0', 'Pending', '2022-05-04 03:22:14.000000', NULL, NULL, 5126.84, 0, 511, 373, NULL, 618),
(2192, 'eleifend. Suspendisse eget massa.3', '2022-05-06 00:05:38.000000', b'0', 'Pending', '2022-05-06 00:05:38.000000', NULL, NULL, 2702.29, 0, 512, 372, NULL, 606),
(2199, 'dolor. vitae metus amet fringilla. Donec Donec feugiat sit3', '2022-04-29 19:40:06.000000', b'0', 'Pending', '2022-04-29 19:40:06.000000', NULL, NULL, 9993.49, 0, 462, 374, NULL, 617),
(2207, 'est ac magna Nullam facilisis suscipit, facilisis,3', '2022-05-03 03:32:31.000000', b'0', 'Pending', '2022-05-03 03:32:31.000000', NULL, NULL, 4880.57, 0, 506, 398, NULL, 619),
(2212, 'adipiscing ligula. gravida eget, Donec sollicitudin ipsum. facilisis Aenean3', '2022-05-02 17:37:21.000000', b'0', 'Pending', '2022-05-02 17:37:21.000000', NULL, NULL, 2463.49, 0, 532, 376, NULL, 608),
(2217, 'est euismod consectetuer arcu3', '2022-05-06 23:39:46.000000', b'0', 'Pending', '2022-05-06 23:39:46.000000', NULL, NULL, 5367.95, 0, 511, 373, NULL, 618),
(2224, 'eleifend. Suspendisse eget massa.3', '2022-05-04 14:57:39.000000', b'0', 'Pending', '2022-05-04 14:57:39.000000', NULL, NULL, 10177.9, 0, 512, 372, NULL, 606),
(2234, 'sit Donec vitae Donec dolor. amet metus fringilla. feugiat3', '2022-05-02 07:08:13.000000', b'0', 'Pending', '2022-05-02 07:08:13.000000', NULL, NULL, 1754.7, 0, 462, 374, NULL, 617),
(2237, 'magna est facilisis facilisis, ac suscipit, Nullam3', '2022-05-06 12:05:15.000000', b'0', 'Pending', '2022-05-06 12:05:15.000000', NULL, NULL, 5522.94, 0, 506, 398, NULL, 619),
(2243, 'Donec gravida sollicitudin Aenean ipsum. facilisis adipiscing ligula. eget,3', '2022-04-30 16:37:52.000000', b'0', 'Pending', '2022-04-30 16:37:52.000000', NULL, NULL, 1275.82, 0, 532, 376, NULL, 608),
(2246, 'consectetuer est euismod arcu3', '2022-05-04 10:37:20.000000', b'0', 'Pending', '2022-05-04 10:37:20.000000', NULL, NULL, 858.12, 0, 511, 373, NULL, 618),
(2249, 'eleifend. eget Suspendisse massa.3', '2022-05-07 21:15:39.000000', b'0', 'Pending', '2022-05-07 21:15:39.000000', NULL, NULL, 8209.02, 0, 512, 372, NULL, 606),
(2257, 'mi ante. vulputate, porttitor felis, fringilla, adipiscing Maecenas3', '2022-05-04 01:39:12.000000', b'0', 'Pending', '2022-05-04 01:39:12.000000', NULL, NULL, 1197.97, 0, 453, 411, NULL, 610),
(2261, 'Duis Phasellus Fusce ornare. mollis.3', '2022-05-02 19:40:56.000000', b'0', 'Pending', '2022-05-02 19:40:56.000000', NULL, NULL, 944.91, 0, 533, 387, NULL, 614),
(2263, 'vitae, aliquet imperdiet nec,3', '2022-05-06 13:54:48.000000', b'0', 'Pending', '2022-05-06 13:54:48.000000', NULL, NULL, 2886.75, 0, 497, 394, NULL, 619),
(2266, 'Quisque Nullam feugiat velit. placerat3', '2022-05-02 07:04:19.000000', b'0', 'Pending', '2022-05-02 07:04:19.000000', NULL, NULL, 121.1, 0, 520, 393, NULL, 617),
(2268, 'sem. Nulla interdum. Curabitur3', '2022-04-29 07:32:26.000000', b'0', 'Pending', '2022-04-29 07:32:26.000000', NULL, NULL, 849.55, 0, 511, 373, NULL, 617),
(2273, 'eu dolor. vitae dolor fringilla. Nam Donec consequat eros.3', '2022-05-03 08:53:54.000000', b'0', 'Pending', '2022-05-03 08:53:54.000000', NULL, NULL, 2541.53, 0, 447, 405, NULL, 602),
(2279, 'Sed eget, augue. ut, molestie. dictum pellentesque placerat,3', '2022-05-01 19:56:30.000000', b'0', 'Pending', '2022-05-01 19:56:30.000000', NULL, NULL, 15695, 0, 449, 377, NULL, 610),
(2288, 'consequat egestas sed elit Sed congue, lacinia.3', '2022-05-06 16:50:02.000000', b'0', 'Pending', '2022-05-06 16:50:02.000000', NULL, NULL, 4540.77, 0, 501, 395, NULL, 610),
(2292, 'gravida purus Duis sagittis.3', '2022-04-29 14:27:35.000000', b'0', 'Pending', '2022-04-29 14:27:35.000000', NULL, NULL, 10016.3, 0, 535, 388, NULL, 611),
(2301, 'nulla iaculis eleifend Sed ante, nec, non,3', '2022-05-03 06:52:36.000000', b'0', 'Pending', '2022-05-03 06:52:36.000000', NULL, NULL, 11434.4, 0, 490, 391, NULL, 611),
(2311, 'Sed feugiat. facilisis metus nec3', '2022-05-04 13:25:57.000000', b'0', 'Pending', '2022-05-04 13:25:57.000000', NULL, NULL, 6959.61, 0, 506, 398, NULL, 616),
(2316, 'Nunc interdum. Cras posuere vulputate, lacus.3', '2022-05-02 05:33:16.000000', b'0', 'Pending', '2022-05-02 05:33:16.000000', NULL, NULL, 11471.6, 0, 517, 374, NULL, 609),
(2328, 'nibh. Donec vitae rhoncus mauris, est id,3', '2022-05-06 17:14:45.000000', b'0', 'Pending', '2022-05-06 17:14:45.000000', NULL, NULL, 3156.62, 0, 444, 380, NULL, 603),
(2334, 'sit porttitor nec tellus. eros massa. Nunc Quisque amet3', '2022-05-03 01:01:25.000000', b'0', 'Pending', '2022-05-03 01:01:25.000000', NULL, NULL, 1136.58, 0, 509, 400, NULL, 618),
(2338, 'auctor ultrices a, pede,3', '2022-05-02 18:47:49.000000', b'0', 'Pending', '2022-05-02 18:47:49.000000', NULL, NULL, 1484.07, 0, 498, 397, NULL, 608),
(2341, 'Aenean metus. pede sed nec3', '2022-05-02 20:24:16.000000', b'0', 'Pending', '2022-05-02 20:24:16.000000', NULL, NULL, 7407.78, 0, 475, 401, NULL, 606),
(2352, 'eu sem. velit vulputate3', '2022-05-03 19:15:14.000000', b'0', 'Pending', '2022-05-03 19:15:14.000000', NULL, NULL, 2533.92, 0, 518, 379, NULL, 613),
(2355, 'eget dictum. odio. Proin vulputate Aliquam ullamcorper3', '2022-05-05 14:42:55.000000', b'0', 'Pending', '2022-05-05 14:42:55.000000', NULL, NULL, 7808.41, 0, 511, 373, NULL, 610),
(2365, 'nisi sed magna3', '2022-05-05 12:58:00.000000', b'0', 'Pending', '2022-05-05 12:58:00.000000', NULL, NULL, 7056.52, 0, 464, 410, NULL, 609),
(2372, 'eget, venenatis magna. a,3', '2022-05-01 00:50:26.000000', b'0', 'Pending', '2022-05-01 00:50:26.000000', NULL, NULL, 1514.1, 0, 477, 376, NULL, 610),
(2377, 'nunc mollis est,3', '2022-05-01 01:30:28.000000', b'0', 'Pending', '2022-05-01 01:30:28.000000', NULL, NULL, 759.23, 0, 466, 403, NULL, 619),
(2379, 'pede. lobortis dui. quis, Fusce Suspendisse3', '2022-05-08 15:48:29.000000', b'0', 'Pending', '2022-05-08 15:48:29.000000', NULL, NULL, 14228.1, 0, 496, 399, NULL, 611),
(2392, 'metus aliquet. nec tristique Sed facilisis feugiat. lorem3', '2022-04-29 13:08:31.000000', b'0', 'Pending', '2022-04-29 13:08:31.000000', NULL, NULL, 21.73, 0, 464, 410, NULL, 612),
(2394, 'adipiscing lobortis In risus. mi pede,3', '2022-05-06 20:14:34.000000', b'0', 'Pending', '2022-05-06 20:14:34.000000', NULL, NULL, 3151.52, 0, 474, 393, NULL, 620),
(2399, 'commodo a magna tortor. Nunc3', '2022-05-04 13:34:55.000000', b'0', 'Pending', '2022-05-04 13:34:55.000000', NULL, NULL, 6156.61, 0, 507, 386, NULL, 602),
(2403, 'Donec a ridiculus magna tortor. dignissim mus.3', '2022-04-29 08:03:02.000000', b'0', 'Pending', '2022-04-29 08:03:02.000000', NULL, NULL, 4043.5, 0, 523, 370, NULL, 605),
(2409, 'amet, gravida enim, sit3', '2022-05-07 05:39:16.000000', b'0', 'Pending', '2022-05-07 05:39:16.000000', NULL, NULL, 1642.1, 0, 465, 393, NULL, 602),
(2412, 'ut Nulla malesuada Sed lacus. augue velit.3', '2022-05-06 18:58:23.000000', b'0', 'Pending', '2022-05-06 18:58:23.000000', NULL, NULL, 2216.65, 0, 534, 383, NULL, 611),
(2415, 'lacus. elit. Sed eget facilisi. Nulla Sed neque.3', '2022-04-29 00:12:04.000000', b'0', 'Pending', '2022-04-29 00:12:04.000000', NULL, NULL, 4633.81, 0, 435, 391, NULL, 606),
(2424, 'Donec non ipsum risus. egestas. Vivamus amet sit arcu.3', '2022-05-03 06:48:14.000000', b'0', 'Pending', '2022-05-03 06:48:14.000000', NULL, NULL, 3476.92, 0, 462, 374, NULL, 617),
(2428, 'ipsum. ac augue mauris Phasellus vitae3', '2022-05-05 10:16:37.000000', b'0', 'Pending', '2022-05-05 10:16:37.000000', NULL, NULL, 6177.43, 0, 467, 378, NULL, 614),
(2436, 'metus. In a feugiat eu lorem tellus lorem.3', '2022-04-29 20:13:48.000000', b'0', 'Pending', '2022-04-29 20:13:48.000000', NULL, NULL, 902.79, 0, 534, 383, NULL, 613),
(2438, 'eu arcu. fringilla enim. gravida euismod molestie Sed Etiam3', '2022-04-30 20:09:24.000000', b'0', 'Pending', '2022-04-30 20:09:24.000000', NULL, NULL, 2524.89, 0, 445, 389, NULL, 613),
(2441, 'Duis nec, diam.3', '2022-05-04 10:41:24.000000', b'0', 'Pending', '2022-05-04 10:41:24.000000', NULL, NULL, 2873.13, 0, 485, 387, NULL, 606),
(2446, 'fringilla fermentum elit elit risus, purus mauris at3', '2022-05-06 04:51:44.000000', b'0', 'Pending', '2022-05-06 04:51:44.000000', NULL, NULL, 4566.6, 0, 475, 401, NULL, 604),
(2453, 'Duis dui, elit erat mollis sodales risus. in vitae sem3', '2022-05-02 01:59:32.000000', b'0', 'Pending', '2022-05-02 01:59:32.000000', NULL, NULL, 10182.1, 0, 536, 375, NULL, 614),
(2461, 'augue velit. malesuada Sed3', '2022-05-08 05:58:21.000000', b'0', 'Pending', '2022-05-08 05:58:21.000000', NULL, NULL, 2602.87, 0, 525, 404, NULL, 610),
(2463, 'ut auctor Duis mi. risus odio,3', '2022-04-30 22:41:46.000000', b'0', 'Pending', '2022-04-30 22:41:46.000000', NULL, NULL, 5467.85, 0, 529, 393, NULL, 620),
(2468, 'congue. In scelerisque blandit scelerisque3', '2022-05-05 08:41:45.000000', b'0', 'Pending', '2022-05-05 08:41:45.000000', NULL, NULL, 484.26, 0, 540, 387, NULL, 604),
(2470, 'mauris. ullamcorper fermentum nunc, sem vel, euismod ac, eu, Integer3', '2022-05-05 20:10:13.000000', b'0', 'Pending', '2022-05-05 20:10:13.000000', NULL, NULL, 9354.57, 0, 433, 381, NULL, 601),
(2474, 'sed Cras Cras leo.3', '2022-04-29 17:33:05.000000', b'0', 'Pending', '2022-04-29 17:33:05.000000', NULL, NULL, 2672.67, 0, 478, 387, NULL, 608),
(2480, 'ultrices, ipsum eget varius pharetra, mauris felis porta3', '2022-05-05 19:25:16.000000', b'0', 'Pending', '2022-05-05 19:25:16.000000', NULL, NULL, 8020.83, 0, 466, 403, NULL, 607),
(2487, 'sit dolor ipsum amet,3', '2022-04-29 13:56:47.000000', b'0', 'Pending', '2022-04-29 13:56:47.000000', NULL, NULL, 6456.95, 0, 434, 395, NULL, 616),
(2491, 'semper nunc id tellus feugiat. interdum Nulla Sed3', '2022-04-30 05:30:40.000000', b'0', 'Pending', '2022-04-30 05:30:40.000000', NULL, NULL, 9519, 0, 521, 403, NULL, 618),
(2499, 'tempus ut, nonummy eu, pede, ligula. in, molestie3', '2022-05-07 20:08:52.000000', b'0', 'Pending', '2022-05-07 20:08:52.000000', NULL, NULL, 4294.08, 0, 453, 411, NULL, 609),
(2506, 'Duis diam cursus, bibendum at ante ullamcorper. non3', '2022-04-29 03:52:36.000000', b'0', 'Pending', '2022-04-29 03:52:36.000000', NULL, NULL, 264.69, 0, 514, 396, NULL, 612),
(2509, 'quam, elementum scelerisque Fusce sapien. egestas a, sed, at, dolor3', '2022-04-30 22:42:18.000000', b'0', 'Pending', '2022-04-30 22:42:18.000000', NULL, NULL, 3865.54, 0, 496, 399, NULL, 601),
(2513, 'quis quis Nunc Morbi neque. urna.3', '2022-05-07 17:23:20.000000', b'0', 'Pending', '2022-05-07 17:23:20.000000', NULL, NULL, 7661.47, 0, 536, 375, NULL, 611),
(2520, 'est orci, euismod lacinia nibh consectetuer arcu orci. ac3', '2022-05-03 20:41:51.000000', b'0', 'Pending', '2022-05-03 20:41:51.000000', NULL, NULL, 3287.46, 0, 466, 403, NULL, 608),
(2523, 'Integer pharetra elit, sem3', '2022-05-01 09:54:40.000000', b'0', 'Pending', '2022-05-01 09:54:40.000000', NULL, NULL, 1049.94, 0, 443, 397, NULL, 605),
(2527, 'lectus arcu sit enim, iaculis justo eu ornare amet3', '2022-05-01 18:02:03.000000', b'0', 'Pending', '2022-05-01 18:02:03.000000', NULL, NULL, 6459.57, 0, 441, 399, NULL, 618),
(2534, 'Aenean sed metus. blandit nec viverra. ante pede fermentum3', '2022-05-02 09:37:40.000000', b'0', 'Pending', '2022-05-02 09:37:40.000000', NULL, NULL, 5162.94, 0, 484, 369, NULL, 607),
(2541, 'In faucibus. Morbi vehicula. Pellentesque ornare. sapien imperdiet3', '2022-05-01 11:18:28.000000', b'0', 'Pending', '2022-05-01 11:18:28.000000', NULL, NULL, 3269.61, 0, 473, 395, NULL, 609),
(2544, 'sed adipiscing consectetuer amet, elit. Curabitur3', '2022-05-04 09:03:25.000000', b'0', 'Pending', '2022-05-04 09:03:25.000000', NULL, NULL, 4744.02, 0, 518, 379, NULL, 610),
(2549, 'eleifend, dictum varius nunc orci, risus3', '2022-05-06 10:50:59.000000', b'0', 'Pending', '2022-05-06 10:50:59.000000', NULL, NULL, 10813.8, 0, 498, 397, NULL, 618),
(2559, 'et, accumsan libero. commodo Morbi at,3', '2022-05-06 05:05:31.000000', b'0', 'Pending', '2022-05-06 05:05:31.000000', NULL, NULL, 14081.1, 0, 465, 393, NULL, 616),
(2567, 'metus Vivamus ante. amet sit non3', '2022-04-29 14:41:49.000000', b'0', 'Pending', '2022-04-29 14:41:49.000000', NULL, NULL, 3567.9, 0, 517, 374, NULL, 615),
(2572, 'habitant senectus tristique Pellentesque morbi3', '2022-05-01 03:52:06.000000', b'0', 'Pending', '2022-05-01 03:52:06.000000', NULL, NULL, 92.38, 0, 509, 400, NULL, 602),
(2574, 'ut consequat arcu. in diam Curabitur enim varius orci, vel3', '2022-05-02 18:33:28.000000', b'0', 'Pending', '2022-05-02 18:33:28.000000', NULL, NULL, 8369.24, 0, 446, 395, NULL, 611),
(2580, 'magna tellus ac facilisis est facilisis,3', '2022-05-03 17:56:22.000000', b'0', 'Pending', '2022-05-03 17:56:22.000000', NULL, NULL, 1906.1, 0, 524, 374, NULL, 619),
(2583, 'euismod in, feugiat. dolor. Fusce4', '2022-04-29 20:42:29.000000', b'0', 'Pending', '2022-04-29 20:42:29.000000', NULL, NULL, 7585.83, 0, 492, 409, NULL, 616),
(2587, 'eget Aenean nisi. non4', '2022-05-01 12:38:24.000000', b'0', 'Pending', '2022-05-01 12:38:24.000000', NULL, NULL, 730.7, 0, 495, 382, NULL, 615),
(2589, 'sem. interdum. malesuada ut, Curabitur Nulla4', '2022-05-04 08:49:30.000000', b'0', 'Pending', '2022-05-04 08:49:30.000000', NULL, NULL, 783.26, 0, 508, 411, NULL, 605),
(2592, 'Sed tincidunt, augue Nulla ut velit. malesuada lacus. Proin4', '2022-05-07 13:41:34.000000', b'0', 'Pending', '2022-05-07 13:41:34.000000', NULL, NULL, 9773.82, 0, 474, 393, NULL, 604),
(2600, 'at, velit. lorem Cras4', '2022-05-03 10:34:57.000000', b'0', 'Pending', '2022-05-03 10:34:57.000000', NULL, NULL, 3963.17, 0, 489, 395, NULL, 609),
(2603, 'feugiat fringilla. Donec sit Donec vitae amet metus dolor.4', '2022-05-07 13:45:57.000000', b'0', 'Pending', '2022-05-07 13:45:57.000000', NULL, NULL, 999.92, 0, 462, 374, NULL, 617),
(2606, 'facilisis, Nullam est magna facilisis ac suscipit,4', '2022-04-29 23:01:33.000000', b'0', 'Pending', '2022-04-29 23:01:33.000000', NULL, NULL, 3206.84, 0, 506, 398, NULL, 619),
(2609, 'gravida facilisis ligula. Aenean Donec sollicitudin adipiscing ipsum. eget,4', '2022-04-29 06:32:25.000000', b'0', 'Pending', '2022-04-29 06:32:25.000000', NULL, NULL, 3592.04, 0, 532, 376, NULL, 608),
(2613, 'euismod arcu consectetuer est4', '2022-05-05 18:59:19.000000', b'0', 'Pending', '2022-05-05 18:59:19.000000', NULL, NULL, 5074.98, 0, 511, 373, NULL, 618),
(2621, 'Suspendisse eleifend. eget massa.4', '2022-04-29 01:24:11.000000', b'0', 'Pending', '2022-04-29 01:24:11.000000', NULL, NULL, 11514.9, 0, 512, 372, NULL, 606),
(2632, 'fringilla. Donec Donec sit feugiat vitae amet dolor. metus4', '2022-05-04 20:03:04.000000', b'0', 'Pending', '2022-05-04 20:03:04.000000', NULL, NULL, 4617.69, 0, 462, 374, NULL, 617),
(2639, 'magna ac Nullam facilisis facilisis, suscipit, est4', '2022-04-28 23:56:18.000000', b'0', 'Pending', '2022-04-28 23:56:18.000000', NULL, NULL, 1664.83, 0, 506, 398, NULL, 619),
(2642, 'gravida Aenean eget, sollicitudin facilisis ipsum. Donec ligula. adipiscing4', '2022-05-05 00:30:21.000000', b'0', 'Pending', '2022-05-05 00:30:21.000000', NULL, NULL, 3297.58, 0, 532, 376, NULL, 608),
(2646, 'est consectetuer arcu euismod4', '2022-05-03 01:46:55.000000', b'0', 'Pending', '2022-05-03 01:46:55.000000', NULL, NULL, 7554, 0, 511, 373, NULL, 618),
(2651, 'Suspendisse massa. eleifend. eget4', '2022-05-04 22:58:00.000000', b'0', 'Pending', '2022-05-04 22:58:00.000000', NULL, NULL, 7031.62, 0, 512, 372, NULL, 606),
(2658, 'dolor. fringilla. vitae metus Donec feugiat Donec sit amet4', '2022-05-03 02:39:09.000000', b'0', 'Pending', '2022-05-03 02:39:09.000000', NULL, NULL, 8142.68, 0, 462, 374, NULL, 617),
(2667, 'suscipit, est ac Nullam facilisis, magna facilisis4', '2022-05-06 09:20:20.000000', b'0', 'Pending', '2022-05-06 09:20:20.000000', NULL, NULL, 3742.25, 0, 506, 398, NULL, 619),
(2671, 'gravida eget, ipsum. adipiscing facilisis ligula. Donec sollicitudin Aenean4', '2022-05-01 00:37:55.000000', b'0', 'Pending', '2022-05-01 00:37:55.000000', NULL, NULL, 1817.52, 0, 532, 376, NULL, 608),
(2676, 'arcu est consectetuer euismod4', '2022-05-02 18:20:52.000000', b'0', 'Pending', '2022-05-02 18:20:52.000000', NULL, NULL, 5030.6, 0, 511, 373, NULL, 618),
(2681, 'eget massa. eleifend. Suspendisse4', '2022-05-06 06:23:21.000000', b'0', 'Pending', '2022-05-06 06:23:21.000000', NULL, NULL, 5047.31, 0, 512, 372, NULL, 606),
(2688, 'Maecenas adipiscing felis, mi vulputate, fringilla, ante. porttitor4', '2022-05-07 11:39:23.000000', b'0', 'Pending', '2022-05-07 11:39:23.000000', NULL, NULL, 7624.69, 0, 453, 411, NULL, 610),
(2695, 'ornare. Duis Fusce Phasellus mollis.4', '2022-04-29 01:21:13.000000', b'0', 'Pending', '2022-04-29 01:21:13.000000', NULL, NULL, 2668.78, 0, 533, 387, NULL, 614),
(2699, 'vitae, imperdiet nec, aliquet4', '2022-05-03 07:33:58.000000', b'0', 'Pending', '2022-05-03 07:33:58.000000', NULL, NULL, 3098.88, 0, 497, 394, NULL, 619),
(2702, 'Quisque placerat velit. Nullam feugiat4', '2022-05-04 16:30:15.000000', b'0', 'Pending', '2022-05-04 16:30:15.000000', NULL, NULL, 6715.8, 0, 520, 393, NULL, 617),
(2707, 'Curabitur interdum. Nulla sem.4', '2022-04-29 21:27:09.000000', b'0', 'Pending', '2022-04-29 21:27:09.000000', NULL, NULL, 10652.5, 0, 511, 373, NULL, 617),
(2716, 'consequat fringilla. Nam vitae eros. eu Donec dolor. dolor4', '2022-05-03 08:38:59.000000', b'0', 'Pending', '2022-05-03 08:38:59.000000', NULL, NULL, 1986.68, 0, 447, 405, NULL, 602),
(2722, 'dictum placerat, augue. ut, Sed eget, molestie. pellentesque4', '2022-05-08 09:59:05.000000', b'0', 'Pending', '2022-05-08 09:59:05.000000', NULL, NULL, 1101.39, 0, 449, 377, NULL, 610),
(2726, 'consequat egestas Sed congue, lacinia. sed elit4', '2022-04-29 13:05:17.000000', b'0', 'Pending', '2022-04-29 13:05:17.000000', NULL, NULL, 10683.4, 0, 501, 395, NULL, 610),
(2736, 'sagittis. Duis purus gravida4', '2022-04-30 03:26:50.000000', b'0', 'Pending', '2022-04-30 03:26:50.000000', NULL, NULL, 6051.32, 0, 535, 388, NULL, 611),
(2741, 'non, nulla iaculis Sed eleifend ante, nec,4', '2022-05-07 06:33:13.000000', b'0', 'Pending', '2022-05-07 06:33:13.000000', NULL, NULL, 9696, 0, 490, 391, NULL, 611),
(2751, 'feugiat. Sed metus facilisis nec4', '2022-05-01 10:38:19.000000', b'0', 'Pending', '2022-05-01 10:38:19.000000', NULL, NULL, 21331.5, 0, 506, 398, NULL, 616),
(2759, 'interdum. vulputate, lacus. Nunc posuere Cras4', '2022-05-05 10:09:19.000000', b'0', 'Pending', '2022-05-05 10:09:19.000000', NULL, NULL, 1036.23, 0, 517, 374, NULL, 609),
(2761, 'vitae Donec est mauris, id, nibh. rhoncus4', '2022-04-30 10:58:13.000000', b'0', 'Pending', '2022-04-30 10:58:13.000000', NULL, NULL, 276.65, 0, 444, 380, NULL, 603),
(2763, 'amet nec eros porttitor Quisque tellus. Nunc sit massa.4', '2022-05-04 22:26:39.000000', b'0', 'Pending', '2022-05-04 22:26:39.000000', NULL, NULL, 9080.18, 0, 509, 400, NULL, 618),
(2772, 'ultrices pede, auctor a,4', '2022-05-08 10:27:48.000000', b'0', 'Pending', '2022-05-08 10:27:48.000000', NULL, NULL, 3035.62, 0, 498, 397, NULL, 608),
(2777, 'sed nec pede Aenean metus.4', '2022-05-07 11:12:41.000000', b'0', 'Pending', '2022-05-07 11:12:41.000000', NULL, NULL, 2115.02, 0, 475, 401, NULL, 606),
(2779, 'sem. eu velit vulputate4', '2022-05-02 10:53:25.000000', b'0', 'Pending', '2022-05-02 10:53:25.000000', NULL, NULL, 2197.57, 0, 518, 379, NULL, 613),
(2782, 'vulputate Aliquam dictum. Proin eget odio. ullamcorper4', '2022-05-08 03:59:10.000000', b'0', 'Pending', '2022-05-08 03:59:10.000000', NULL, NULL, 5132.25, 0, 511, 373, NULL, 610),
(2790, 'magna nisi sed4', '2022-05-01 03:33:32.000000', b'0', 'Pending', '2022-05-01 03:33:32.000000', NULL, NULL, 5772.92, 0, 464, 410, NULL, 609),
(2795, 'magna. venenatis eget, a,4', '2022-05-05 01:21:59.000000', b'0', 'Pending', '2022-05-05 01:21:59.000000', NULL, NULL, 3243.48, 0, 477, 376, NULL, 610),
(2800, 'mollis est, nunc4', '2022-04-30 13:46:22.000000', b'0', 'Pending', '2022-04-30 13:46:22.000000', NULL, NULL, 4684.89, 0, 466, 403, NULL, 619),
(2805, 'lobortis quis, dui. Suspendisse Fusce pede.4', '2022-05-01 18:03:26.000000', b'0', 'Pending', '2022-05-01 18:03:26.000000', NULL, NULL, 8852.62, 0, 496, 399, NULL, 611),
(2816, 'tristique nec aliquet. facilisis lorem metus Sed feugiat.4', '2022-05-08 11:37:04.000000', b'0', 'Pending', '2022-05-08 11:37:04.000000', NULL, NULL, 21.73, 0, 464, 410, NULL, 612),
(2818, 'mi lobortis In risus. pede, adipiscing4', '2022-04-29 00:39:34.000000', b'0', 'Pending', '2022-04-29 00:39:34.000000', NULL, NULL, 3840.47, 0, 474, 393, NULL, 620);
INSERT INTO `order_` (`number`, `comments`, `date_of_order`, `cancelled_by_client`, `state`, `state_start_date`, `commentary`, `score`, `total_price`, `version`, `id_address`, `id_client`, `id_delivery_man`, `id_supplier`) VALUES
(2822, 'tortor. magna a Nunc commodo4', '2022-05-02 00:12:31.000000', b'0', 'Pending', '2022-05-02 00:12:31.000000', NULL, NULL, 1191.11, 0, 507, 386, NULL, 602),
(2826, 'magna mus. a dignissim tortor. Donec ridiculus4', '2022-05-01 20:17:06.000000', b'0', 'Pending', '2022-05-01 20:17:06.000000', NULL, NULL, 5184.75, 0, 523, 370, NULL, 605),
(2833, 'sit enim, amet, gravida4', '2022-05-01 03:48:54.000000', b'0', 'Pending', '2022-05-01 03:48:54.000000', NULL, NULL, 3522.59, 0, 465, 393, NULL, 602),
(2837, 'Nulla velit. lacus. augue malesuada ut Sed4', '2022-05-05 11:15:39.000000', b'0', 'Pending', '2022-05-05 11:15:39.000000', NULL, NULL, 17781.3, 0, 534, 383, NULL, 611),
(2849, 'neque. Nulla lacus. eget Sed elit. facilisi. Sed4', '2022-05-05 18:22:05.000000', b'0', 'Pending', '2022-05-05 18:22:05.000000', NULL, NULL, 3678.53, 0, 435, 391, NULL, 606),
(2854, 'Donec amet Vivamus egestas. sit risus. arcu. non ipsum4', '2022-05-01 01:14:20.000000', b'0', 'Pending', '2022-05-01 01:14:20.000000', NULL, NULL, 1424.9, 0, 462, 374, NULL, 617),
(2856, 'mauris augue ipsum. ac vitae Phasellus4', '2022-05-01 10:42:41.000000', b'0', 'Pending', '2022-05-01 10:42:41.000000', NULL, NULL, 2296.86, 0, 467, 378, NULL, 614),
(2859, 'tellus feugiat metus. lorem. lorem a In eu4', '2022-05-02 07:29:47.000000', b'0', 'Pending', '2022-05-02 07:29:47.000000', NULL, NULL, 1814.61, 0, 534, 383, NULL, 613),
(2862, 'Etiam molestie fringilla eu enim. Sed arcu. euismod gravida4', '2022-04-29 06:08:09.000000', b'0', 'Pending', '2022-04-29 06:08:09.000000', NULL, NULL, 911.82, 0, 445, 389, NULL, 613),
(2864, 'Duis diam. nec,4', '2022-05-05 06:19:14.000000', b'0', 'Pending', '2022-05-05 06:19:14.000000', NULL, NULL, 3307.34, 0, 485, 387, NULL, 606),
(2869, 'elit fringilla elit fermentum purus mauris risus, at4', '2022-04-30 09:57:41.000000', b'0', 'Pending', '2022-04-30 09:57:41.000000', NULL, NULL, 780.02, 0, 475, 401, NULL, 604),
(2871, 'erat elit risus. sodales sem dui, Duis vitae mollis in4', '2022-05-08 17:19:54.000000', b'0', 'Pending', '2022-05-08 17:19:54.000000', NULL, NULL, 6762.69, 0, 536, 375, NULL, 614),
(2879, 'malesuada velit. augue Sed4', '2022-05-01 04:36:40.000000', b'0', 'Pending', '2022-05-01 04:36:40.000000', NULL, NULL, 12310.7, 0, 525, 404, NULL, 610),
(2888, 'ut odio, auctor Duis risus mi.4', '2022-05-02 01:34:58.000000', b'0', 'Pending', '2022-05-02 01:34:58.000000', NULL, NULL, 555.4, 0, 529, 393, NULL, 620),
(2891, 'congue. scelerisque In blandit scelerisque4', '2022-05-01 00:38:30.000000', b'0', 'Pending', '2022-05-01 00:38:30.000000', NULL, NULL, 8547.55, 0, 540, 387, NULL, 604),
(2899, 'ullamcorper Integer mauris. eu, vel, nunc, euismod ac, sem fermentum4', '2022-05-04 22:15:34.000000', b'0', 'Pending', '2022-05-04 22:15:34.000000', NULL, NULL, 7620.36, 0, 433, 381, NULL, 601),
(2903, 'leo. Cras sed Cras4', '2022-05-01 13:34:03.000000', b'0', 'Pending', '2022-05-01 13:34:03.000000', NULL, NULL, 1920.99, 0, 478, 387, NULL, 608),
(2909, 'felis mauris pharetra, porta ultrices, varius eget ipsum4', '2022-05-02 00:50:04.000000', b'0', 'Pending', '2022-05-02 00:50:04.000000', NULL, NULL, 3772.29, 0, 466, 403, NULL, 607),
(2912, 'sit amet, dolor ipsum4', '2022-05-01 01:25:04.000000', b'0', 'Pending', '2022-05-01 01:25:04.000000', NULL, NULL, 5202.02, 0, 434, 395, NULL, 616),
(2915, 'Sed nunc id semper feugiat. interdum Nulla tellus4', '2022-05-04 22:45:23.000000', b'0', 'Pending', '2022-05-04 22:45:23.000000', NULL, NULL, 6233.58, 0, 521, 403, NULL, 618),
(2922, 'ut, molestie nonummy tempus ligula. in, eu, pede,4', '2022-04-29 06:19:52.000000', b'0', 'Pending', '2022-04-29 06:19:52.000000', NULL, NULL, 8663.35, 0, 453, 411, NULL, 609),
(2929, 'diam non ullamcorper. at cursus, ante Duis bibendum4', '2022-04-29 06:09:00.000000', b'0', 'Pending', '2022-04-29 06:09:00.000000', NULL, NULL, 106.84, 0, 514, 396, NULL, 612),
(2932, 'dolor a, sed, at, elementum Fusce egestas sapien. quam, scelerisque4', '2022-05-05 08:44:38.000000', b'0', 'Pending', '2022-05-05 08:44:38.000000', NULL, NULL, 5588.75, 0, 496, 399, NULL, 601),
(2936, 'Nunc quis urna. quis neque. Morbi4', '2022-05-04 02:57:42.000000', b'0', 'Pending', '2022-05-04 02:57:42.000000', NULL, NULL, 4129.85, 0, 536, 375, NULL, 611),
(2941, 'euismod ac arcu consectetuer est orci, lacinia nibh orci.4', '2022-05-04 16:29:25.000000', b'0', 'Pending', '2022-05-04 16:29:25.000000', NULL, NULL, 2196.03, 0, 466, 403, NULL, 608),
(2945, 'Integer pharetra elit, sem4', '2022-05-02 04:58:59.000000', b'0', 'Pending', '2022-05-02 04:58:59.000000', NULL, NULL, 310.9, 0, 443, 397, NULL, 605),
(2947, 'amet lectus ornare arcu justo eu enim, iaculis sit4', '2022-04-29 12:52:45.000000', b'0', 'Pending', '2022-04-29 12:52:45.000000', NULL, NULL, 4943.7, 0, 441, 399, NULL, 618),
(2953, 'Aenean pede nec sed viverra. ante fermentum metus. blandit4', '2022-05-03 00:45:08.000000', b'0', 'Pending', '2022-05-03 00:45:08.000000', NULL, NULL, 14863.1, 0, 484, 369, NULL, 607),
(2964, 'Pellentesque vehicula. imperdiet faucibus. sapien In ornare. Morbi4', '2022-04-28 20:07:37.000000', b'0', 'Pending', '2022-04-28 20:07:37.000000', NULL, NULL, 8288.97, 0, 473, 395, NULL, 609),
(2972, 'elit. consectetuer sed adipiscing amet, Curabitur4', '2022-04-29 21:38:25.000000', b'0', 'Pending', '2022-04-29 21:38:25.000000', NULL, NULL, 14830.6, 0, 518, 379, NULL, 610),
(2984, 'dictum risus nunc varius orci, eleifend,4', '2022-05-05 11:45:57.000000', b'0', 'Pending', '2022-05-05 11:45:57.000000', NULL, NULL, 4261.58, 0, 498, 397, NULL, 618),
(2990, 'et, at, libero. commodo Morbi accumsan4', '2022-05-03 17:03:02.000000', b'0', 'Pending', '2022-05-03 17:03:02.000000', NULL, NULL, 11534, 0, 465, 393, NULL, 616),
(2995, 'Vivamus metus ante. sit amet non4', '2022-05-03 11:42:15.000000', b'0', 'Pending', '2022-05-03 11:42:15.000000', NULL, NULL, 2493.18, 0, 517, 374, NULL, 615),
(3000, 'tristique Pellentesque habitant morbi senectus4', '2022-05-04 14:07:29.000000', b'0', 'Pending', '2022-05-04 14:07:29.000000', NULL, NULL, 5404.22, 0, 509, 400, NULL, 602),
(3003, 'vel consequat diam in varius enim orci, Curabitur ut arcu.4', '2022-05-03 08:48:17.000000', b'0', 'Pending', '2022-05-03 08:48:17.000000', NULL, NULL, 9049.34, 0, 446, 395, NULL, 611),
(3012, 'magna facilisis, facilisis est ac tellus4', '2022-05-04 11:04:04.000000', b'0', 'Pending', '2022-05-04 11:04:04.000000', NULL, NULL, 4376.86, 0, 524, 374, NULL, 619),
(3018, 'feugiat. dolor. in, Fusce euismod5', '2022-05-06 01:41:28.000000', b'0', 'Pending', '2022-05-06 01:41:28.000000', NULL, NULL, 16874.5, 0, 492, 409, NULL, 616),
(3026, 'non eget Aenean nisi.5', '2022-05-05 04:45:50.000000', b'0', 'Pending', '2022-05-05 04:45:50.000000', NULL, NULL, 5.83, 0, 495, 382, NULL, 615),
(3028, 'sem. ut, interdum. Nulla Curabitur malesuada5', '2022-05-06 23:49:44.000000', b'0', 'Pending', '2022-05-06 23:49:44.000000', NULL, NULL, 2273.7, 0, 508, 411, NULL, 605),
(3032, 'Nulla Proin malesuada velit. tincidunt, ut Sed lacus. augue5', '2022-05-01 04:22:42.000000', b'0', 'Pending', '2022-05-01 04:22:42.000000', NULL, NULL, 11255.3, 0, 474, 393, NULL, 604),
(3039, 'lorem velit. at, Cras5', '2022-05-05 09:47:42.000000', b'0', 'Pending', '2022-05-05 09:47:42.000000', NULL, NULL, 2569.69, 0, 489, 395, NULL, 609),
(3042, 'sit Donec metus fringilla. amet Donec vitae dolor. feugiat5', '2022-05-04 09:17:12.000000', b'0', 'Pending', '2022-05-04 09:17:12.000000', NULL, NULL, 7757.4, 0, 462, 374, NULL, 617),
(3052, 'facilisis, ac Nullam est facilisis magna suscipit,5', '2022-05-02 08:31:12.000000', b'0', 'Pending', '2022-05-02 08:31:12.000000', NULL, NULL, 2840.05, 0, 506, 398, NULL, 619),
(3055, 'sollicitudin ipsum. ligula. Donec adipiscing facilisis eget, gravida Aenean5', '2022-05-04 13:16:19.000000', b'0', 'Pending', '2022-05-04 13:16:19.000000', NULL, NULL, 1436.47, 0, 532, 376, NULL, 608),
(3057, 'est arcu euismod consectetuer5', '2022-05-04 18:55:49.000000', b'0', 'Pending', '2022-05-04 18:55:49.000000', NULL, NULL, 5272.93, 0, 511, 373, NULL, 618),
(3065, 'Suspendisse eleifend. eget massa.5', '2022-04-29 09:24:03.000000', b'0', 'Pending', '2022-04-29 09:24:03.000000', NULL, NULL, 1901.33, 0, 512, 372, NULL, 606),
(3070, 'sit vitae Donec dolor. feugiat metus fringilla. Donec amet5', '2022-05-05 16:46:16.000000', b'0', 'Pending', '2022-05-05 16:46:16.000000', NULL, NULL, 2180.32, 0, 462, 374, NULL, 617),
(3073, 'magna est Nullam facilisis suscipit, facilisis, ac5', '2022-05-01 10:24:15.000000', b'0', 'Pending', '2022-05-01 10:24:15.000000', NULL, NULL, 1687.17, 0, 506, 398, NULL, 619),
(3075, 'gravida eget, facilisis adipiscing sollicitudin Donec ipsum. ligula. Aenean5', '2022-05-06 22:48:32.000000', b'0', 'Pending', '2022-05-06 22:48:32.000000', NULL, NULL, 4832.28, 0, 532, 376, NULL, 608),
(3080, 'est arcu euismod consectetuer5', '2022-05-05 05:34:32.000000', b'0', 'Pending', '2022-05-05 05:34:32.000000', NULL, NULL, 5771.65, 0, 511, 373, NULL, 618),
(3090, 'Suspendisse eget eleifend. massa.5', '2022-05-07 17:47:10.000000', b'0', 'Pending', '2022-05-07 17:47:10.000000', NULL, NULL, 343.69, 0, 512, 372, NULL, 606),
(3092, 'fringilla. Donec metus dolor. Donec vitae feugiat sit amet5', '2022-05-05 09:42:28.000000', b'0', 'Pending', '2022-05-05 09:42:28.000000', NULL, NULL, 12338.9, 0, 462, 374, NULL, 617),
(3102, 'magna ac facilisis, est facilisis Nullam suscipit,5', '2022-05-03 16:11:38.000000', b'0', 'Pending', '2022-05-03 16:11:38.000000', NULL, NULL, 3798.3, 0, 506, 398, NULL, 619),
(3107, 'facilisis ipsum. adipiscing Aenean eget, gravida ligula. Donec sollicitudin5', '2022-04-30 09:59:12.000000', b'0', 'Pending', '2022-04-30 09:59:12.000000', NULL, NULL, 3607.04, 0, 532, 376, NULL, 608),
(3112, 'arcu consectetuer euismod est5', '2022-04-30 12:04:59.000000', b'0', 'Pending', '2022-04-30 12:04:59.000000', NULL, NULL, 5031.14, 0, 511, 373, NULL, 618),
(3123, 'eget massa. Suspendisse eleifend.5', '2022-05-03 01:48:24.000000', b'0', 'Pending', '2022-05-03 01:48:24.000000', NULL, NULL, 2717.04, 0, 512, 372, NULL, 606),
(3127, 'porttitor felis, adipiscing ante. mi Maecenas fringilla, vulputate,5', '2022-05-08 13:46:58.000000', b'0', 'Pending', '2022-05-08 13:46:58.000000', NULL, NULL, 5515, 0, 453, 411, NULL, 610),
(3136, 'ornare. Phasellus mollis. Duis Fusce5', '2022-05-03 13:56:37.000000', b'0', 'Pending', '2022-05-03 13:56:37.000000', NULL, NULL, 9601.17, 0, 533, 387, NULL, 614),
(3140, 'imperdiet aliquet vitae, nec,5', '2022-05-08 16:12:14.000000', b'0', 'Pending', '2022-05-08 16:12:14.000000', NULL, NULL, 2665.33, 0, 497, 394, NULL, 619),
(3144, 'Nullam velit. feugiat placerat Quisque5', '2022-05-05 02:13:46.000000', b'0', 'Pending', '2022-05-05 02:13:46.000000', NULL, NULL, 3347.41, 0, 520, 393, NULL, 617),
(3149, 'interdum. Nulla sem. Curabitur5', '2022-05-07 15:58:40.000000', b'0', 'Pending', '2022-05-07 15:58:40.000000', NULL, NULL, 9433.58, 0, 511, 373, NULL, 617),
(3158, 'eu dolor. dolor fringilla. Donec Nam vitae consequat eros.5', '2022-05-02 14:49:51.000000', b'0', 'Pending', '2022-05-02 14:49:51.000000', NULL, NULL, 3875.75, 0, 447, 405, NULL, 602),
(3161, 'pellentesque Sed molestie. ut, augue. dictum placerat, eget,5', '2022-05-06 07:19:50.000000', b'0', 'Pending', '2022-05-06 07:19:50.000000', NULL, NULL, 19622.4, 0, 449, 377, NULL, 610),
(3174, 'sed consequat elit congue, egestas Sed lacinia.5', '2022-05-07 07:57:02.000000', b'0', 'Pending', '2022-05-07 07:57:02.000000', NULL, NULL, 5225.44, 0, 501, 395, NULL, 610),
(3184, 'Duis gravida purus sagittis.5', '2022-04-30 16:32:40.000000', b'0', 'Pending', '2022-04-30 16:32:40.000000', NULL, NULL, 17570.6, 0, 535, 388, NULL, 611),
(3197, 'eleifend Sed non, nulla iaculis nec, ante,5', '2022-05-02 14:52:58.000000', b'0', 'Pending', '2022-05-02 14:52:58.000000', NULL, NULL, 11101.4, 0, 490, 391, NULL, 611),
(3206, 'facilisis nec feugiat. metus Sed5', '2022-05-07 04:50:34.000000', b'0', 'Pending', '2022-05-07 04:50:34.000000', NULL, NULL, 1131.75, 0, 506, 398, NULL, 616),
(3208, 'posuere vulputate, interdum. lacus. Nunc Cras5', '2022-05-04 20:56:55.000000', b'0', 'Pending', '2022-05-04 20:56:55.000000', NULL, NULL, 3066.1, 0, 517, 374, NULL, 609),
(3215, 'est id, nibh. vitae mauris, rhoncus Donec5', '2022-04-30 20:21:09.000000', b'0', 'Pending', '2022-04-30 20:21:09.000000', NULL, NULL, 3433.96, 0, 444, 380, NULL, 603),
(3221, 'porttitor sit Nunc tellus. Quisque eros amet massa. nec5', '2022-04-29 21:27:26.000000', b'0', 'Pending', '2022-04-29 21:27:26.000000', NULL, NULL, 32.3, 0, 509, 400, NULL, 618),
(3223, 'ultrices auctor a, pede,5', '2022-05-01 08:15:34.000000', b'0', 'Pending', '2022-05-01 08:15:34.000000', NULL, NULL, 40.46, 0, 498, 397, NULL, 608),
(3225, 'pede Aenean nec metus. sed5', '2022-05-05 16:28:25.000000', b'0', 'Pending', '2022-05-05 16:28:25.000000', NULL, NULL, 8119.52, 0, 475, 401, NULL, 606),
(3234, 'velit eu sem. vulputate5', '2022-05-05 02:03:39.000000', b'0', 'Pending', '2022-05-05 02:03:39.000000', NULL, NULL, 2197.57, 0, 518, 379, NULL, 613),
(3237, 'odio. Proin Aliquam ullamcorper vulputate eget dictum.5', '2022-05-02 23:53:50.000000', b'0', 'Pending', '2022-05-02 23:53:50.000000', NULL, NULL, 11517.8, 0, 511, 373, NULL, 610),
(3245, 'nisi sed magna5', '2022-04-30 16:59:18.000000', b'0', 'Pending', '2022-04-30 16:59:18.000000', NULL, NULL, 12671.3, 0, 464, 410, NULL, 609),
(3258, 'magna. eget, venenatis a,5', '2022-05-04 11:26:54.000000', b'0', 'Pending', '2022-05-04 11:26:54.000000', NULL, NULL, 4895.27, 0, 477, 376, NULL, 610),
(3265, 'est, nunc mollis5', '2022-05-06 21:01:23.000000', b'0', 'Pending', '2022-05-06 21:01:23.000000', NULL, NULL, 3781.73, 0, 466, 403, NULL, 619),
(3270, 'pede. dui. Suspendisse lobortis Fusce quis,5', '2022-05-02 11:06:32.000000', b'0', 'Pending', '2022-05-02 11:06:32.000000', NULL, NULL, 12426.4, 0, 496, 399, NULL, 611),
(3279, 'lorem nec facilisis Sed tristique metus feugiat. aliquet.5', '2022-04-29 17:37:49.000000', b'0', 'Pending', '2022-04-29 17:37:49.000000', NULL, NULL, 288.51, 0, 464, 410, NULL, 612),
(3281, 'mi risus. pede, In adipiscing lobortis5', '2022-04-30 12:29:41.000000', b'0', 'Pending', '2022-04-30 12:29:41.000000', NULL, NULL, 11643.2, 0, 474, 393, NULL, 620),
(3288, 'commodo a tortor. Nunc magna5', '2022-05-07 22:50:20.000000', b'0', 'Pending', '2022-05-07 22:50:20.000000', NULL, NULL, 147.73, 0, 507, 386, NULL, 602),
(3290, 'dignissim magna a Donec ridiculus mus. tortor.5', '2022-05-02 15:47:29.000000', b'0', 'Pending', '2022-05-02 15:47:29.000000', NULL, NULL, 1469.53, 0, 523, 370, NULL, 605),
(3294, 'amet, gravida enim, sit5', '2022-05-04 05:24:50.000000', b'0', 'Pending', '2022-05-04 05:24:50.000000', NULL, NULL, 3501.27, 0, 465, 393, NULL, 602),
(3298, 'malesuada ut lacus. velit. Nulla augue Sed5', '2022-05-02 22:10:25.000000', b'0', 'Pending', '2022-05-02 22:10:25.000000', NULL, NULL, 9169.59, 0, 534, 383, NULL, 611),
(3309, 'Sed lacus. eget facilisi. Nulla elit. Sed neque.5', '2022-05-01 10:26:21.000000', b'0', 'Pending', '2022-05-01 10:26:21.000000', NULL, NULL, 6492.4, 0, 435, 391, NULL, 606),
(3319, 'Donec ipsum arcu. Vivamus sit non egestas. risus. amet5', '2022-04-29 02:03:36.000000', b'0', 'Pending', '2022-04-29 02:03:36.000000', NULL, NULL, 5611.4, 0, 462, 374, NULL, 617),
(3325, 'ac augue vitae ipsum. mauris Phasellus5', '2022-05-01 09:55:20.000000', b'0', 'Pending', '2022-05-01 09:55:20.000000', NULL, NULL, 1656.38, 0, 467, 378, NULL, 614),
(3327, 'In lorem. a metus. lorem tellus feugiat eu5', '2022-05-03 14:01:25.000000', b'0', 'Pending', '2022-05-03 14:01:25.000000', NULL, NULL, 1126.46, 0, 534, 383, NULL, 613),
(3329, 'eu arcu. Etiam Sed gravida molestie enim. fringilla euismod5', '2022-05-02 19:28:46.000000', b'0', 'Pending', '2022-05-02 19:28:46.000000', NULL, NULL, 2421.24, 0, 445, 389, NULL, 613),
(3332, 'Duis diam. nec,5', '2022-05-06 01:00:03.000000', b'0', 'Pending', '2022-05-06 01:00:03.000000', NULL, NULL, 928.88, 0, 485, 387, NULL, 606),
(3334, 'fermentum at elit risus, fringilla elit mauris purus5', '2022-05-05 00:06:35.000000', b'0', 'Pending', '2022-05-05 00:06:35.000000', NULL, NULL, 484.26, 0, 475, 401, NULL, 604),
(3336, 'elit vitae mollis erat Duis risus. sodales sem in dui,5', '2022-05-08 03:46:48.000000', b'0', 'Pending', '2022-05-08 03:46:48.000000', NULL, NULL, 6907.17, 0, 536, 375, NULL, 614),
(3343, 'velit. augue malesuada Sed5', '2022-05-06 05:56:47.000000', b'0', 'Pending', '2022-05-06 05:56:47.000000', NULL, NULL, 11986.5, 0, 525, 404, NULL, 610),
(3354, 'ut mi. risus Duis odio, auctor5', '2022-05-04 16:03:42.000000', b'0', 'Pending', '2022-05-04 16:03:42.000000', NULL, NULL, 3485.06, 0, 529, 393, NULL, 620),
(3361, 'blandit scelerisque congue. scelerisque In5', '2022-05-07 14:08:47.000000', b'0', 'Pending', '2022-05-07 14:08:47.000000', NULL, NULL, 9962.78, 0, 540, 387, NULL, 604),
(3369, 'fermentum mauris. ac, ullamcorper sem euismod vel, Integer eu, nunc,5', '2022-04-30 06:31:04.000000', b'0', 'Pending', '2022-04-30 06:31:04.000000', NULL, NULL, 3951.37, 0, 433, 381, NULL, 601),
(3374, 'Cras Cras leo. sed5', '2022-05-07 20:00:26.000000', b'0', 'Pending', '2022-05-07 20:00:26.000000', NULL, NULL, 1448.2, 0, 478, 387, NULL, 608),
(3378, 'felis ultrices, pharetra, porta eget mauris ipsum varius5', '2022-05-04 14:54:14.000000', b'0', 'Pending', '2022-05-04 14:54:14.000000', NULL, NULL, 11965, 0, 466, 403, NULL, 607),
(3388, 'dolor ipsum sit amet,5', '2022-05-02 01:40:21.000000', b'0', 'Pending', '2022-05-02 01:40:21.000000', NULL, NULL, 1131.75, 0, 434, 395, NULL, 616),
(3390, 'id tellus nunc feugiat. Sed semper interdum Nulla5', '2022-05-02 06:13:09.000000', b'0', 'Pending', '2022-05-02 06:13:09.000000', NULL, NULL, 8168.64, 0, 521, 403, NULL, 618),
(3396, 'tempus ut, in, molestie eu, pede, ligula. nonummy5', '2022-05-06 10:54:53.000000', b'0', 'Pending', '2022-05-06 10:54:53.000000', NULL, NULL, 12018.8, 0, 453, 411, NULL, 609),
(3405, 'bibendum Duis at ante cursus, ullamcorper. non diam5', '2022-05-07 14:58:05.000000', b'0', 'Pending', '2022-05-07 14:58:05.000000', NULL, NULL, 21.73, 0, 514, 396, NULL, 612),
(3407, 'dolor sapien. at, sed, egestas elementum Fusce a, quam, scelerisque5', '2022-05-05 01:55:29.000000', b'0', 'Pending', '2022-05-05 01:55:29.000000', NULL, NULL, 9959.53, 0, 496, 399, NULL, 601),
(3413, 'quis Morbi neque. urna. Nunc quis5', '2022-04-28 21:10:10.000000', b'0', 'Pending', '2022-04-28 21:10:10.000000', NULL, NULL, 9130.44, 0, 536, 375, NULL, 611),
(3422, 'orci, ac consectetuer arcu est nibh euismod lacinia orci.5', '2022-04-30 07:12:25.000000', b'0', 'Pending', '2022-04-30 07:12:25.000000', NULL, NULL, 524.98, 0, 466, 403, NULL, 608),
(3428, 'Integer pharetra elit, sem5', '2022-05-03 21:39:00.000000', b'0', 'Pending', '2022-05-03 21:39:00.000000', NULL, NULL, 491.87, 0, 443, 397, NULL, 605),
(3430, 'iaculis ornare enim, sit amet arcu justo lectus eu5', '2022-05-08 04:57:30.000000', b'0', 'Pending', '2022-05-08 04:57:30.000000', NULL, NULL, 5142.37, 0, 441, 399, NULL, 618),
(3436, 'ante viverra. pede Aenean blandit metus. nec fermentum sed5', '2022-04-30 19:45:23.000000', b'0', 'Pending', '2022-04-30 19:45:23.000000', NULL, NULL, 1721.8, 0, 484, 369, NULL, 607),
(3438, 'Morbi In ornare. vehicula. sapien faucibus. imperdiet Pellentesque5', '2022-05-02 03:54:36.000000', b'0', 'Pending', '2022-05-02 03:54:36.000000', NULL, NULL, 10756.5, 0, 473, 395, NULL, 609),
(3446, 'amet, sed elit. adipiscing Curabitur consectetuer5', '2022-05-04 13:45:02.000000', b'0', 'Pending', '2022-05-04 13:45:02.000000', NULL, NULL, 8325.24, 0, 518, 379, NULL, 610),
(3454, 'dictum varius eleifend, orci, risus nunc5', '2022-05-03 05:00:33.000000', b'0', 'Pending', '2022-05-03 05:00:33.000000', NULL, NULL, 7125.28, 0, 498, 397, NULL, 618),
(3463, 'at, commodo Morbi accumsan et, libero.5', '2022-04-30 17:48:16.000000', b'0', 'Pending', '2022-04-30 17:48:16.000000', NULL, NULL, 9798.16, 0, 465, 393, NULL, 616),
(3467, 'metus amet ante. non Vivamus sit5', '2022-05-02 19:00:14.000000', b'0', 'Pending', '2022-05-02 19:00:14.000000', NULL, NULL, 3911.25, 0, 517, 374, NULL, 615),
(3473, 'morbi tristique Pellentesque senectus habitant5', '2022-05-03 12:15:03.000000', b'0', 'Pending', '2022-05-03 12:15:03.000000', NULL, NULL, 21.25, 0, 509, 400, NULL, 602),
(3475, 'varius ut in vel Curabitur consequat enim orci, diam arcu.5', '2022-04-29 16:18:42.000000', b'0', 'Pending', '2022-04-29 16:18:42.000000', NULL, NULL, 396.69, 0, 446, 395, NULL, 611),
(3477, 'ac tellus est magna facilisis facilisis,5', '2022-04-30 22:39:43.000000', b'0', 'Pending', '2022-04-30 22:39:43.000000', NULL, NULL, 5381.18, 0, 524, 374, NULL, 619);

-- --------------------------------------------------------

--
-- Estructura de tabla para la tabla `product`
--

CREATE TABLE `product` (
  `id_product` bigint NOT NULL,
  `description` varchar(500) DEFAULT NULL,
  `name` varchar(50) NOT NULL,
  `price` float NOT NULL,
  `version` int DEFAULT NULL,
  `weight` float DEFAULT NULL,
  `id_supplier` bigint NOT NULL
) ENGINE=InnoDB DEFAULT CHARSET=utf8mb3;

--
-- Volcado de datos para la tabla `product`
--

INSERT INTO `product` (`id_product`, `description`, `name`, `price`, `version`, `weight`, `id_supplier`) VALUES
(31, 'producto numero 1', 'prod1', 100, 0, 10, 29),
(33, 'producto numero 1', 'prod1', 100, 0, 10, 29),
(34, 'producto numero 2', 'prod2', 100, 0, 10, 29),
(35, 'producto numero 3', 'prod3', 100, 0, 10, 30),
(55, 'proveedor 4', 'prod4', 100, 0, 10.5, 30),
(56, 'proveedor 5', 'prod5', 100, 0, 10.5, 30),
(621, 'et magnis dis parturient montes, nascetur ridiculus mus. Proin', 'Charles Grant', 1226.55, 0, 231.67, 614),
(622, 'arcu eu odio tristique pharetra. Quisque ac libero', 'Vera Haney', 1029.16, 0, 256.31, 606),
(623, 'Nullam scelerisque neque sed sem egestas blandit. Nam nulla', 'Cadman Rollins', 147.73, 0, 125.07, 602),
(624, 'amet metus. Aliquam erat', 'Alexis Randolph', 2550.74, 0, 108.49, 601),
(625, 'non, luctus sit amet, faucibus ut, nulla.', 'Nehru Santiago', 1392.75, 0, 177.17, 609),
(626, 'vulputate, nisi sem semper erat, in consectetuer', 'Anthony Torres', 902.79, 0, 292.72, 613),
(627, 'et ultrices posuere cubilia', 'Dorian Summers', 288.51, 0, 84.82, 612),
(628, 'nulla. Integer vulputate, risus a ultricies adipiscing,', 'Leila Hawkins', 2075.64, 0, 25.27, 618),
(629, 'Suspendisse sagittis. Nullam vitae diam. Proin dolor. Nulla semper', 'Ahmed Arnold', 1872.21, 0, 291.92, 610),
(630, 'diam lorem, auctor quis, tristique ac, eleifend vitae,', 'Kelly Fuller', 1770.92, 0, 281.94, 618),
(631, 'consectetuer ipsum nunc id enim. Curabitur massa. Vestibulum accumsan neque', 'Roanna Juarez', 2870.72, 0, 82.68, 611),
(632, 'tempor lorem, eget mollis lectus pede et', 'Latifah Mclean', 666.24, 0, 229.51, 607),
(633, 'Praesent interdum ligula eu enim. Etiam', 'Allen Garrett', 2044.79, 0, 188.91, 611),
(634, 'Nunc mauris sapien, cursus in, hendrerit', 'Kevin Haney', 2929.45, 0, 80.55, 616),
(635, 'sagittis felis. Donec tempor, est', 'Meredith Greene', 1859.34, 0, 268.61, 617),
(636, 'tincidunt aliquam arcu. Aliquam ultrices iaculis odio. Nam interdum enim', 'Xandra Morgan', 288.34, 0, 211.78, 617),
(637, 'Aenean sed pede nec', 'Venus Rowland', 730.7, 0, 95.53, 615),
(638, 'et pede. Nunc sed orci', 'Quyn Britt', 709.55, 0, 15.39, 607),
(639, 'elit, dictum eu, eleifend nec,', 'Devin Singleton', 564.58, 0, 98.58, 603),
(640, 'eros nec tellus. Nunc lectus', 'Kevin Robinson', 1392.68, 0, 68.73, 618),
(641, 'nec tempus scelerisque, lorem ipsum', 'Ishmael Hayes', 236.9, 0, 179.74, 609),
(642, 'id, erat. Etiam vestibulum', 'Shea Cantu', 1487.96, 0, 81.87, 604),
(643, 'tellus id nunc interdum feugiat. Sed nec', 'Kirby Henry', 1221.49, 0, 87.89, 608),
(644, 'in felis. Nulla tempor', 'Ebony Stanley', 32.3, 0, 193.89, 618),
(645, 'ante ipsum primis in faucibus orci luctus et ultrices', 'Erich Bennett', 323.33, 0, 198.32, 608),
(646, 'volutpat nunc sit amet metus. Aliquam', 'Daphne Rice', 149.84, 0, 244.04, 610),
(647, 'orci. Donec nibh. Quisque nonummy ipsum', 'Nicholas Tillman', 1406.6, 0, 84.06, 603),
(648, 'accumsan sed, facilisis vitae, orci.', 'Orson Mitchell', 1474.8, 0, 190.26, 610),
(649, 'magnis dis parturient', 'Sebastian Wyatt', 1656.38, 0, 123.79, 614),
(650, 'eu metus. In lorem. Donec', 'Zorita Dean', 2758.29, 0, 166.74, 607),
(651, 'netus et malesuada fames ac turpis egestas.', 'Tyrone Jennings', 1469.55, 0, 41.07, 617),
(652, 'Aliquam gravida mauris ut mi. Duis risus odio, auctor vitae,', 'Rhona Fleming', 996.43, 0, 132.91, 617),
(653, 'egestas, urna justo faucibus lectus, a sollicitudin orci sem', 'Cameron Zimmerman', 2007.26, 0, 203.2, 619),
(654, 'nec, mollis vitae, posuere at,', 'Jescie Short', 1024.97, 0, 69.94, 609),
(655, 'Vestibulum ante ipsum', 'Reed Alvarado', 497.32, 0, 249.02, 614),
(656, 'augue, eu tempor erat neque non quam.', 'Kane Jordan', 884.45, 0, 263.64, 605),
(657, 'Maecenas ornare egestas ligula. Nullam', 'Branden Ashley', 1533.46, 0, 112.71, 609),
(658, 'Nam tempor diam dictum', 'Chester Calhoun', 2039.27, 0, 236.45, 611),
(659, 'neque pellentesque massa lobortis ultrices. Vivamus rhoncus. Donec est.', 'Lilah Solis', 277.7, 0, 283.68, 620),
(660, 'penatibus et magnis dis parturient montes, nascetur ridiculus mus.', 'Linus Mccray', 725.34, 0, 5.14, 610),
(661, 'augue, eu tempor erat neque non quam.', 'Kane Jordan', 884.45, 0, 263.64, 605),
(662, 'Maecenas ornare egestas ligula. Nullam', 'Branden Ashley', 1533.46, 0, 112.71, 609),
(663, 'Nam tempor diam dictum', 'Chester Calhoun', 2039.27, 0, 236.45, 611),
(664, 'neque pellentesque massa lobortis ultrices. Vivamus rhoncus. Donec est.', 'Lilah Solis', 277.7, 0, 283.68, 620),
(665, 'penatibus et magnis dis parturient montes, nascetur ridiculus mus.', 'Linus Mccray', 725.34, 0, 5.14, 610),
(666, 'eros non enim commodo hendrerit. Donec porttitor tellus non', 'Cynthia Schmidt', 817.4, 0, 0.35, 616),
(667, 'semper auctor. Mauris vel turpis. Aliquam adipiscing', 'Malik Roth', 2794.98, 0, 260.01, 604),
(668, 'malesuada vel, convallis in, cursus et, eros.', 'Perry Huffman', 42.82, 0, 117.12, 611),
(669, 'Nunc laoreet lectus quis massa. Mauris vestibulum,', 'Vladimir Nelson', 2715.2, 0, 84.07, 620),
(670, 'lectus sit amet luctus vulputate, nisi sem semper erat, in', 'Joelle Mayer', 1721.8, 0, 46.19, 607),
(671, 'quam. Pellentesque habitant morbi tristique senectus et netus et malesuada', 'Allen Schultz', 1620.85, 0, 94.4, 602),
(672, 'dolor. Fusce feugiat. Lorem ipsum', 'Alma Marshall', 2115.02, 0, 43.58, 606),
(673, 'ultricies sem magna nec', 'Ulysses Madden', 1622.91, 0, 8.57, 606),
(674, 'dictum magna. Ut', 'Clio Talley', 2097.05, 0, 238.93, 616),
(675, 'malesuada fringilla est. Mauris eu turpis. Nulla aliquet.', 'Vincent Carrillo', 1687.17, 0, 157, 619),
(676, 'euismod in, dolor. Fusce feugiat.', 'Kylan Roman', 2834.09, 0, 154.7, 604),
(677, 'non nisi. Aenean eget', 'Brynn Duran', 879.44, 0, 79.13, 605),
(678, 'malesuada ut, sem. Nulla interdum. Curabitur', 'Minerva Mullen', 266.36, 0, 201.17, 606),
(679, 'Proin velit. Sed malesuada augue ut lacus. Nulla tincidunt,', 'Magee Rosales', 15.77, 0, 8.51, 615),
(680, 'at, velit. Cras lorem', 'Shafira Fletcher', 2093.12, 0, 115.17, 601),
(1013, 'dis ridiculus magnis nascetur Proin parturient et mus. montes,2', 'Charles Grant2', 233.04, 0, 417.01, 614),
(1014, 'eu libero ac pharetra. odio arcu Quisque tristique2', 'Vera Haney2', 1409.95, 0, 504.93, 606),
(1015, 'neque sem egestas sed Nam scelerisque blandit. Nullam nulla2', 'Rollins Cadman2', 54.66, 0, 130.07, 602),
(1016, 'metus. amet Aliquam erat2', 'Alexis Randolph2', 2244.65, 0, 175.75, 601),
(1017, 'sit amet, nulla. non, ut, faucibus luctus2', 'Santiago Nehru2', 389.97, 0, 260.44, 609),
(1018, 'in erat, semper vulputate, nisi consectetuer sem2', 'Anthony Torres2', 911.82, 0, 257.59, 613),
(1019, 'et posuere cubilia ultrices2', 'Summers Dorian2', 170.22, 0, 71.25, 612),
(1020, 'a adipiscing, risus ultricies vulputate, nulla. Integer2', 'Leila Hawkins2', 2926.65, 0, 25.78, 618),
(1021, 'dolor. semper Nullam Suspendisse diam. Proin sagittis. Nulla vitae2', 'Arnold Ahmed2', 1591.38, 0, 510.86, 610),
(1022, 'tristique eleifend ac, quis, diam vitae, auctor lorem,2', 'Kelly Fuller2', 850.04, 0, 552.6, 618),
(1023, 'enim. Curabitur massa. consectetuer ipsum id nunc neque accumsan Vestibulum2', 'Juarez Roanna2', 1923.38, 0, 62.01, 611),
(1024, 'tempor lorem, et lectus pede mollis eget2', 'Mclean Latifah2', 139.91, 0, 89.51, 607),
(1025, 'ligula eu enim. interdum Etiam Praesent2', 'Garrett Allen2', 1983.45, 0, 32.11, 611),
(1026, 'mauris hendrerit cursus sapien, Nunc in,2', 'Kevin Haney2', 3222.4, 0, 45.91, 616),
(1027, 'tempor, Donec est felis. sagittis2', 'Meredith Greene2', 1933.71, 0, 518.42, 617),
(1028, 'aliquam tincidunt odio. ultrices arcu. Nam interdum Aliquam iaculis enim2', 'Xandra Morgan2', 121.1, 0, 268.96, 617),
(1029, 'pede nec sed Aenean2', 'Venus Rowland2', 657.63, 0, 131.83, 615),
(1030, 'pede. et sed Nunc orci2', 'Britt Quyn2', 219.96, 0, 21.39, 607),
(1031, 'elit, eu, nec, eleifend dictum2', 'Singleton Devin2', 971.08, 0, 154.77, 603),
(1032, 'Nunc lectus eros tellus. nec2', 'Robinson Kevin2', 571, 0, 114.09, 618),
(1033, 'scelerisque, nec tempus ipsum lorem2', 'Ishmael Hayes2', 443, 0, 176.15, 609),
(1034, 'id, vestibulum erat. Etiam2', 'Cantu Shea2', 1562.36, 0, 94.15, 604),
(1035, 'nunc feugiat. interdum tellus nec id Sed2', 'Henry Kirby2', 2052.1, 0, 158.2, 608),
(1036, 'in tempor felis. Nulla2', 'Ebony Stanley2', 8.08, 0, 151.23, 618),
(1037, 'faucibus ante primis orci ipsum luctus et ultrices in2', 'Erich Bennett2', 103.47, 0, 313.35, 608),
(1038, 'metus. nunc sit volutpat Aliquam amet2', 'Daphne Rice2', 250.23, 0, 165.95, 610),
(1039, 'nonummy orci. Quisque ipsum nibh. Donec2', 'Tillman Nicholas2', 562.64, 0, 131.13, 603),
(1040, 'facilisis sed, orci. accumsan vitae,2', 'Orson Mitchell2', 147.48, 0, 102.74, 610),
(1041, 'parturient magnis dis2', 'Wyatt Sebastian2', 1971.09, 0, 200.54, 614),
(1042, 'In eu lorem. Donec metus.2', 'Zorita Dean2', 910.24, 0, 125.06, 607),
(1043, 'turpis et malesuada fames egestas. ac netus2', 'Tyrone Jennings2', 2468.84, 0, 5.34, 617),
(1044, 'vitae, odio, Aliquam gravida mi. ut auctor mauris risus Duis2', 'Rhona Fleming2', 1245.54, 0, 62.47, 617),
(1045, 'orci faucibus egestas, justo sem lectus, sollicitudin urna a2', 'Zimmerman Cameron2', 582.11, 0, 73.15, 619),
(1046, 'nec, posuere at, vitae, mollis2', 'Jescie Short2', 1967.94, 0, 128.69, 609),
(1047, 'ante ipsum Vestibulum2', 'Alvarado Reed2', 944.91, 0, 214.16, 614),
(1048, 'augue, erat neque quam. eu tempor non2', 'Jordan Kane2', 274.18, 0, 464.01, 605),
(1049, 'ligula. ornare egestas Maecenas Nullam2', 'Branden Ashley2', 1656.14, 0, 18.03, 609),
(1050, 'tempor diam dictum Nam2', 'Chester Calhoun2', 2018.88, 0, 456.35, 611),
(1051, 'est. massa neque Donec pellentesque lobortis ultrices. rhoncus. Vivamus2', 'Lilah Solis2', 149.96, 0, 417.01, 620),
(1052, 'mus. parturient penatibus et nascetur magnis montes, dis ridiculus2', 'Linus Mccray2', 1436.17, 0, 3.08, 610),
(1053, 'augue, quam. eu erat non neque tempor2', 'Jordan Kane2', 318.4, 0, 311.1, 605),
(1054, 'Nullam egestas Maecenas ligula. ornare2', 'Ashley Branden2', 2238.85, 0, 224.29, 609),
(1055, 'dictum diam Nam tempor2', 'Chester Calhoun2', 2018.88, 0, 82.76, 611),
(1056, 'est. neque pellentesque Vivamus massa Donec lobortis rhoncus. ultrices.2', 'Lilah Solis2', 61.09, 0, 113.47, 620),
(1057, 'parturient nascetur magnis penatibus montes, mus. et dis ridiculus2', 'Linus Mccray2', 246.62, 0, 9.92, 610),
(1058, 'enim eros porttitor hendrerit. commodo Donec non tellus non2', 'Schmidt Cynthia2', 1430.45, 0, 0.55, 616),
(1059, 'vel turpis. Aliquam auctor. adipiscing Mauris semper2', 'Roth Malik2', 866.44, 0, 280.81, 604),
(1060, 'eros. in, convallis et, malesuada cursus vel,2', 'Huffman Perry2', 31.69, 0, 22.25, 611),
(1061, 'vestibulum, Nunc lectus Mauris massa. laoreet quis2', 'Vladimir Nelson2', 3556.91, 0, 129.47, 620),
(1062, 'sit sem nisi vulputate, lectus luctus erat, amet in semper2', 'Mayer Joelle2', 2289.99, 0, 36.03, 607),
(1063, 'quam. Pellentesque et morbi habitant malesuada tristique netus et senectus2', 'Schultz Allen2', 988.72, 0, 19.82, 602),
(1064, 'dolor. Fusce ipsum feugiat. Lorem2', 'Marshall Alma2', 296.1, 0, 18.74, 606),
(1065, 'magna nec ultricies sem2', 'Madden Ulysses2', 730.31, 0, 11.4, 606),
(1066, 'dictum Ut magna.2', 'Clio Talley2', 3942.45, 0, 26.28, 616),
(1067, 'aliquet. fringilla Mauris Nulla eu malesuada turpis. est.2', 'Carrillo Vincent2', 759.23, 0, 169.56, 619),
(1068, 'euismod feugiat. in, Fusce dolor.2', 'Roman Kylan2', 3882.7, 0, 40.22, 604),
(1069, 'non eget Aenean nisi.2', 'Duran Brynn2', 1081.71, 0, 80.71, 605),
(1070, 'Curabitur malesuada interdum. ut, Nulla sem.2', 'Mullen Minerva2', 127.85, 0, 209.22, 606),
(1071, 'velit. tincidunt, malesuada augue ut lacus. Sed Proin Nulla2', 'Magee Rosales2', 5.83, 0, 16.08, 615),
(1072, 'lorem velit. Cras at,2', 'Fletcher Shafira2', 3704.82, 0, 139.36, 601),
(1073, 'magnis nascetur Proin et ridiculus dis mus. parturient montes,23', 'Grant2 Charles3', 316.93, 0, 300.25, 614),
(1074, 'tristique2 Quisque ac eu odio libero pharetra. arcu3', 'Haney2 Vera3', 1720.14, 0, 186.82, 606),
(1075, 'Nullam egestas sed neque blandit. sem nulla2 scelerisque Nam3', 'Cadman2 Rollins3', 71.06, 0, 154.78, 602),
(1076, 'amet erat2 metus. Aliquam3', 'Randolph2 Alexis3', 763.18, 0, 274.17, 601),
(1077, 'non, luctus2 nulla. amet, faucibus sit ut,3', 'Nehru2 Santiago3', 253.48, 0, 481.81, 609),
(1078, 'vulputate, erat, semper sem2 consectetuer nisi in3', 'Torres2 Anthony3', 1294.78, 0, 291.08, 613),
(1079, 'ultrices2 posuere et cubilia3', 'Summers Dorian23', 85.11, 0, 93.34, 612),
(1080, 'adipiscing, a nulla. ultricies Integer2 vulputate, risus3', 'Hawkins2 Leila3', 1082.86, 0, 17.27, 618),
(1081, 'Nulla semper dolor. Suspendisse vitae2 Proin Nullam diam. sagittis.3', 'Ahmed2 Arnold3', 2243.85, 0, 265.65, 610),
(1082, 'lorem,2 auctor eleifend quis, diam ac, tristique vitae,3', 'Fuller2 Kelly3', 960.55, 0, 1005.73, 618),
(1083, 'Vestibulum2 neque enim. id Curabitur nunc accumsan consectetuer massa. ipsum3', 'Roanna2 Juarez3', 846.29, 0, 96.12, 611),
(1084, 'tempor mollis lorem, et lectus pede eget23', 'Latifah2 Mclean3', 152.5, 0, 134.27, 607),
(1085, 'ligula Etiam enim. eu Praesent2 interdum3', 'Allen2 Garrett3', 396.69, 0, 43.03, 611),
(1086, 'mauris in,2 Nunc cursus sapien, hendrerit3', 'Haney2 Kevin3', 6154.78, 0, 71.16, 616),
(1087, 'tempor, sagittis2 est Donec felis.3', 'Meredith Greene23', 2513.82, 0, 642.84, 617),
(1088, 'interdum ultrices odio. aliquam arcu. Nam Aliquam enim2 iaculis tincidunt3', 'Xandra Morgan23', 19.38, 0, 185.58, 617),
(1089, 'Aenean2 pede sed nec3', 'Rowland2 Venus3', 1006.17, 0, 38.23, 615),
(1090, 'et orci2 pede. Nunc sed3', 'Quyn2 Britt3', 109.98, 0, 3.64, 607),
(1091, 'dictum2 eleifend eu, nec, elit,3', 'Devin2 Singleton3', 475.83, 0, 219.77, 603),
(1092, 'lectus tellus. nec2 eros Nunc3', 'Robinson Kevin23', 987.83, 0, 66.17, 618),
(1093, 'lorem2 tempus nec ipsum scelerisque,3', 'Ishmael Hayes23', 128.47, 0, 88.08, 609),
(1094, 'Etiam2 vestibulum erat. id,3', 'Cantu Shea23', 468.71, 0, 148.76, 604),
(1095, 'id nunc tellus interdum feugiat. Sed2 nec3', 'Henry Kirby23', 1436.47, 0, 246.79, 608),
(1096, 'in felis. tempor Nulla23', 'Stanley2 Ebony3', 2.75, 0, 43.86, 618),
(1097, 'et luctus ipsum faucibus orci ultrices primis ante in23', 'Bennett2 Erich3', 47.6, 0, 269.48, 608),
(1098, 'Aliquam nunc metus. sit amet2 volutpat3', 'Daphne Rice23', 182.67, 0, 210.76, 610),
(1099, 'Donec2 nibh. nonummy ipsum orci. Quisque3', 'Nicholas2 Tillman3', 838.33, 0, 23.6, 603),
(1100, 'facilisis orci. vitae,2 accumsan sed,3', 'Orson Mitchell23', 278.74, 0, 153.08, 610),
(1101, 'parturient magnis dis23', 'Sebastian2 Wyatt3', 3114.32, 0, 126.34, 614),
(1102, 'eu Donec In metus.2 lorem.3', 'Dean2 Zorita3', 1419.97, 0, 172.58, 607),
(1103, 'egestas. turpis et netus2 fames ac malesuada3', 'Jennings2 Tyrone3', 271.57, 0, 1.6, 617),
(1104, 'mauris ut vitae, Duis2 Aliquam risus auctor mi. odio, gravida3', 'Rhona Fleming23', 2192.15, 0, 104.95, 617),
(1105, 'lectus, sollicitudin egestas, urna sem justo a2 faucibus orci3', 'Cameron2 Zimmerman3', 1082.72, 0, 65.1, 619),
(1106, 'mollis2 posuere nec, at, vitae,3', 'Jescie Short23', 1653.07, 0, 240.65, 609),
(1107, 'ante ipsum Vestibulum23', 'Alvarado Reed23', 1152.79, 0, 246.28, 614),
(1108, 'eu tempor erat non2 quam. augue, neque3', 'Jordan Kane23', 356.43, 0, 232.01, 605),
(1109, 'Maecenas ligula. Nullam2 ornare egestas3', 'Branden Ashley23', 546.53, 0, 17.31, 609),
(1110, 'dictum Nam2 tempor diam3', 'Chester Calhoun23', 1170.95, 0, 899.01, 611),
(1111, 'massa Donec est. Vivamus2 ultrices. neque pellentesque lobortis rhoncus.3', 'Solis2 Lilah3', 88.48, 0, 100.08, 620),
(1112, 'penatibus et magnis nascetur ridiculus2 montes, mus. dis parturient3', 'Linus Mccray23', 2857.98, 0, 3.88, 610),
(1113, 'eu neque tempor2 erat non augue, quam.3', 'Kane2 Jordan3', 464.86, 0, 108.89, 605),
(1114, 'Maecenas Nullam ligula. ornare2 egestas3', 'Ashley Branden23', 2977.67, 0, 53.83, 609),
(1115, 'Nam diam dictum tempor23', 'Chester Calhoun23', 2624.54, 0, 95.17, 611),
(1116, 'Vivamus pellentesque massa lobortis neque ultrices.2 Donec rhoncus. est.3', 'Lilah Solis23', 92.25, 0, 159.99, 620),
(1117, 'mus. dis parturient magnis ridiculus2 et nascetur montes, penatibus3', 'Mccray2 Linus3', 456.25, 0, 8.53, 610),
(1118, 'enim tellus non commodo Donec hendrerit. porttitor non2 eros3', 'Schmidt Cynthia23', 1788.06, 0, 0.85, 616),
(1119, 'Mauris semper2 adipiscing auctor. Aliquam turpis. vel3', 'Roth Malik23', 701.82, 0, 362.24, 604),
(1120, 'vel,2 cursus malesuada in, convallis eros. et,3', 'Huffman Perry23', 56.41, 0, 15.35, 611),
(1121, 'laoreet Mauris vestibulum, quis2 massa. lectus Nunc3', 'Vladimir Nelson23', 4872.97, 0, 115.23, 620),
(1122, 'semper2 luctus nisi amet lectus sem erat, vulputate, in sit3', 'Joelle2 Mayer3', 1305.29, 0, 5.4, 607),
(1123, 'malesuada morbi quam. habitant et senectus2 netus et tristique Pellentesque3', 'Allen2 Schultz3', 1809.36, 0, 32.7, 602),
(1124, 'feugiat. Lorem2 ipsum Fusce dolor.3', 'Marshall Alma23', 580.36, 0, 26.24, 606),
(1125, 'nec sem2 magna ultricies3', 'Ulysses2 Madden3', 956.71, 0, 20.63, 606),
(1126, 'Ut magna.2 dictum3', 'Clio Talley23', 1025.04, 0, 27.07, 616),
(1127, 'malesuada turpis. fringilla Nulla aliquet. est.2 Mauris eu3', 'Carrillo Vincent23', 1199.58, 0, 89.87, 619),
(1128, 'feugiat. euismod dolor.2 in, Fusce3', 'Kylan2 Roman3', 3416.78, 0, 77.62, 604),
(1129, 'Aenean eget nisi.2 non3', 'Brynn2 Duran3', 670.66, 0, 29.86, 605),
(1130, 'ut, Nulla Curabitur interdum. malesuada sem.23', 'Minerva2 Mullen3', 113.79, 0, 384.96, 606),
(1131, 'augue tincidunt, Proin lacus. Nulla2 velit. Sed malesuada ut3', 'Rosales2 Magee3', 8.51, 0, 23.96, 615),
(1132, 'at,2 velit. lorem Cras3', 'Fletcher Shafira23', 3556.63, 0, 18.12, 601),
(1133, 'Proin magnis parturient mus. dis nascetur et montes,23 ridiculus4', 'Charles3 Grant24', 259.88, 0, 240.2, 614),
(1134, 'odio Quisque libero arcu3 pharetra. ac eu tristique24', 'Vera3 Haney24', 928.88, 0, 106.49, 606),
(1135, 'egestas nulla2 scelerisque neque sem sed Nam3 blandit. Nullam4', 'Cadman2 Rollins34', 92.38, 0, 26.31, 602),
(1136, 'Aliquam3 erat2 metus. amet4', 'Alexis3 Randolph24', 99.21, 0, 87.73, 601),
(1137, 'non, amet, sit ut,3 faucibus luctus2 nulla.4', 'Santiago3 Nehru24', 276.29, 0, 688.99, 609),
(1138, 'erat, nisi sem2 vulputate, consectetuer semper in34', 'Anthony3 Torres24', 1126.46, 0, 101.88, 613),
(1139, 'cubilia3 et posuere ultrices24', 'Dorian23 Summers4', 94.47, 0, 178.28, 612),
(1140, 'nulla. ultricies adipiscing, Integer2 vulputate, a risus34', 'Leila3 Hawkins24', 2079.09, 0, 33.16, 618),
(1141, 'Nulla vitae2 Proin diam. Suspendisse sagittis.3 Nullam semper dolor.4', 'Ahmed2 Arnold34', 2602.87, 0, 313.47, 610),
(1142, 'tristique eleifend vitae,3 diam lorem,2 quis, ac, auctor4', 'Kelly3 Fuller24', 105.66, 0, 915.21, 618),
(1143, 'neque accumsan nunc consectetuer Vestibulum2 enim. Curabitur ipsum3 massa. id4', 'Roanna2 Juarez34', 863.22, 0, 33.64, 611),
(1144, 'lectus lorem, tempor et mollis eget23 pede4', 'Mclean3 Latifah24', 207.4, 0, 91.3, 607),
(1145, 'eu Praesent2 interdum3 enim. Etiam ligula4', 'Garrett3 Allen24', 376.86, 0, 63.25, 611),
(1146, 'sapien, Nunc mauris hendrerit3 in,2 cursus4', 'Kevin3 Haney24', 3200.49, 0, 12.81, 616),
(1147, 'tempor, Donec est sagittis2 felis.34', 'Greene23 Meredith4', 879.84, 0, 404.99, 617),
(1148, 'aliquam tincidunt3 arcu. enim2 ultrices odio. Aliquam iaculis Nam interdum4', 'Xandra Morgan234', 3.49, 0, 332.19, 617),
(1149, 'nec3 sed pede Aenean24', 'Venus3 Rowland24', 1821.17, 0, 22.94, 615),
(1150, 'et sed3 pede. Nunc orci24', 'Quyn2 Britt34', 34.09, 0, 6.88, 607),
(1151, 'eleifend dictum2 elit,3 nec, eu,4', 'Devin2 Singleton34', 404.46, 0, 46.15, 603),
(1152, 'nec2 Nunc3 eros lectus tellus.4', 'Robinson Kevin234', 681.6, 0, 25.14, 618),
(1153, 'lorem2 scelerisque,3 nec tempus ipsum4', 'Ishmael Hayes234', 88.64, 0, 38.76, 609),
(1154, 'vestibulum erat. id,3 Etiam24', 'Cantu Shea234', 735.87, 0, 56.53, 604),
(1155, 'Sed2 id tellus nunc feugiat. nec3 interdum4', 'Henry Kirby234', 1235.36, 0, 249.26, 608),
(1156, 'in tempor felis. Nulla234', 'Ebony3 Stanley24', 1.65, 0, 7.89, 618),
(1157, 'ultrices primis ante in23 et faucibus luctus orci ipsum4', 'Bennett2 Erich34', 40.46, 0, 344.93, 608),
(1158, 'amet2 Aliquam nunc sit metus. volutpat34', 'Daphne Rice234', 325.15, 0, 316.14, 610),
(1159, 'nonummy orci. Donec2 Quisque3 ipsum nibh.4', 'Tillman3 Nicholas24', 276.65, 0, 7.55, 603),
(1160, 'accumsan orci. vitae,2 sed,3 facilisis4', 'Orson Mitchell234', 228.57, 0, 199, 610),
(1161, 'parturient dis23 magnis4', 'Sebastian2 Wyatt34', 4515.76, 0, 58.12, 614),
(1162, 'metus.2 Donec In eu lorem.34', 'Dean2 Zorita34', 1931.16, 0, 143.24, 607),
(1163, 'turpis malesuada3 et fames egestas. netus2 ac4', 'Tyrone3 Jennings24', 285.15, 0, 2.62, 617),
(1164, 'risus Duis2 ut auctor Aliquam mauris mi. odio, vitae, gravida34', 'Fleming23 Rhona4', 1424.9, 0, 153.23, 617),
(1165, 'egestas, orci3 a2 faucibus lectus, sollicitudin urna sem justo4', 'Cameron2 Zimmerman34', 1310.09, 0, 17.58, 619),
(1166, 'posuere at, nec, vitae,3 mollis24', 'Jescie Short234', 2099.4, 0, 238.24, 609),
(1167, 'Vestibulum23 ipsum ante4', 'Alvarado Reed234', 737.79, 0, 142.84, 614),
(1168, 'quam. non2 eu neque3 erat tempor augue,4', 'Jordan Kane234', 491.87, 0, 464.02, 605),
(1169, 'egestas3 Maecenas ligula. ornare Nullam24', 'Branden Ashley234', 825.26, 0, 21.29, 609),
(1170, 'dictum tempor Nam2 diam34', 'Calhoun23 Chester4', 1651.04, 0, 566.38, 611),
(1171, 'lobortis pellentesque Donec Vivamus2 neque ultrices. est. massa rhoncus.34', 'Lilah3 Solis24', 133.6, 0, 81.06, 620),
(1172, 'dis montes, nascetur mus. et penatibus ridiculus2 parturient3 magnis4', 'Linus Mccray234', 2857.98, 0, 5.98, 610),
(1173, 'augue, neque tempor2 eu non erat quam.34', 'Kane2 Jordan34', 353.29, 0, 89.29, 605),
(1174, 'Maecenas Nullam ligula. egestas3 ornare24', 'Ashley Branden234', 3573.2, 0, 49.52, 609),
(1175, 'dictum diam Nam tempor234', 'Calhoun23 Chester4', 2283.35, 0, 158.93, 611),
(1176, 'pellentesque rhoncus. ultrices.2 Vivamus est.3 Donec massa neque lobortis4', 'Solis23 Lilah4', 183.58, 0, 313.58, 620),
(1177, 'penatibus3 magnis et montes, ridiculus2 nascetur dis mus. parturient4', 'Mccray2 Linus34', 716.31, 0, 4.44, 610),
(1178, 'hendrerit. non commodo Donec porttitor tellus eros3 enim non24', 'Cynthia23 Schmidt4', 2056.27, 0, 1.5, 616),
(1179, 'auctor. vel3 Aliquam turpis. adipiscing Mauris semper24', 'Malik23 Roth4', 484.26, 0, 166.63, 604),
(1180, 'cursus malesuada et,3 eros. in, convallis vel,24', 'Huffman Perry234', 91.38, 0, 30.39, 611),
(1181, 'lectus quis2 massa. Mauris vestibulum, laoreet Nunc34', 'Vladimir Nelson234', 8381.51, 0, 32.26, 620),
(1182, 'vulputate, sem erat, nisi luctus in lectus amet semper2 sit34', 'Mayer3 Joelle24', 2467, 0, 5.72, 607),
(1183, 'quam. morbi habitant Pellentesque3 et et malesuada tristique senectus2 netus4', 'Schultz3 Allen24', 2225.51, 0, 47.09, 602),
(1184, 'Lorem2 ipsum dolor.3 Fusce feugiat.4', 'Marshall Alma234', 348.22, 0, 15.74, 606),
(1185, 'magna ultricies3 nec sem24', 'Ulysses2 Madden34', 1492.47, 0, 22.69, 606),
(1186, 'magna.2 Ut dictum34', 'Clio Talley234', 1855.32, 0, 22.74, 616),
(1187, 'fringilla eu3 turpis. est.2 Nulla Mauris malesuada aliquet.4', 'Carrillo Vincent234', 1091.62, 0, 122.22, 619),
(1188, 'in, dolor.2 feugiat. Fusce3 euismod4', 'Kylan2 Roman34', 5091, 0, 55.11, 604),
(1189, 'Aenean non3 nisi.2 eget4', 'Brynn2 Duran34', 1032.82, 0, 22.1, 605),
(1190, 'malesuada ut, sem.23 interdum. Nulla Curabitur4', 'Minerva2 Mullen34', 186.62, 0, 180.93, 606),
(1191, 'Proin Sed ut3 velit. lacus. malesuada tincidunt, Nulla2 augue4', 'Magee3 Rosales24', 5.87, 0, 28.51, 615),
(1192, 'velit. at,2 Cras3 lorem4', 'Fletcher Shafira234', 995.86, 0, 4.71, 601),
(1193, 'parturient mus. montes,23 Proin et nascetur dis ridiculus4 magnis5', 'Grant24 Charles35', 38.98, 0, 367.51, 614),
(1194, 'odio Quisque eu libero ac arcu3 tristique24 pharetra.5', 'Vera3 Haney245', 343.69, 0, 85.19, 606),
(1195, 'blandit. sed egestas neque nulla2 sem scelerisque Nam3 Nullam45', 'Cadman2 Rollins345', 21.25, 0, 46.31, 602),
(1196, 'metus. Aliquam3 amet4 erat25', 'Randolph24 Alexis35', 61.51, 0, 144.75, 601),
(1197, 'faucibus luctus2 non, ut,3 sit nulla.4 amet,5', 'Santiago3 Nehru245', 251.42, 0, 144.69, 609),
(1198, 'in34 semper nisi sem2 erat, vulputate, consectetuer5', 'Torres24 Anthony35', 1622.1, 0, 44.83, 613),
(1199, 'et posuere cubilia3 ultrices245', 'Dorian23 Summers45', 21.73, 0, 67.75, 612),
(1200, 'vulputate, risus34 a nulla. Integer2 adipiscing, ultricies5', 'Leila3 Hawkins245', 2848.35, 0, 50.4, 618),
(1201, 'vitae2 semper Nullam diam. sagittis.3 dolor.4 Proin Nulla Suspendisse5', 'Arnold34 Ahmed25', 3982.39, 0, 175.54, 610),
(1202, 'ac, vitae,3 lorem,2 diam eleifend tristique quis, auctor45', 'Fuller24 Kelly35', 173.28, 0, 1372.82, 618),
(1203, 'accumsan consectetuer ipsum3 enim. massa. neque Vestibulum2 id4 nunc Curabitur5', 'Juarez34 Roanna25', 1381.15, 0, 18.17, 611),
(1204, 'lectus et eget23 lorem, pede4 mollis tempor5', 'Latifah24 Mclean35', 221.92, 0, 117.78, 607),
(1205, 'interdum3 enim. Praesent2 Etiam ligula4 eu5', 'Garrett3 Allen245', 211.04, 0, 106.26, 611),
(1206, 'in,2 hendrerit3 Nunc mauris cursus4 sapien,5', 'Kevin3 Haney245', 5440.83, 0, 12.17, 616),
(1207, 'tempor, Donec sagittis2 est felis.345', 'Meredith4 Greene235', 712.67, 0, 44.55, 617),
(1208, 'tincidunt3 enim2 aliquam odio. Nam ultrices iaculis arcu. Aliquam interdum45', 'Morgan234 Xandra5', 1.64, 0, 574.69, 617),
(1209, 'sed pede Aenean24 nec35', 'Rowland24 Venus35', 3223.47, 0, 43.13, 615),
(1210, 'orci24 sed3 Nunc et pede.5', 'Quyn2 Britt345', 39.89, 0, 12.73, 607),
(1211, 'nec, eleifend eu,4 elit,3 dictum25', 'Singleton34 Devin25', 792.74, 0, 14.77, 603),
(1212, 'lectus Nunc3 nec2 tellus.4 eros5', 'Robinson Kevin2345', 68.16, 0, 22.12, 618),
(1213, 'tempus lorem2 scelerisque,3 ipsum4 nec5', 'Ishmael Hayes2345', 91.3, 0, 68.22, 609),
(1214, 'Etiam24 erat. vestibulum id,35', 'Shea234 Cantu5', 780.02, 0, 39.01, 604),
(1215, 'nunc id interdum4 tellus feugiat. Sed2 nec35', 'Henry Kirby2345', 1297.13, 0, 241.78, 608),
(1216, 'tempor Nulla234 felis. in5', 'Stanley24 Ebony35', 1.98, 0, 6.39, 618),
(1217, 'orci luctus in23 et faucibus ante primis ipsum4 ultrices5', 'Bennett2 Erich345', 10.12, 0, 441.51, 608),
(1218, 'amet2 volutpat34 sit Aliquam metus. nunc5', 'Rice234 Daphne5', 133.31, 0, 211.81, 610),
(1219, 'nonummy Quisque3 nibh.4 ipsum Donec2 orci.5', 'Tillman3 Nicholas245', 265.58, 0, 12.31, 603),
(1220, 'orci. sed,3 vitae,2 facilisis4 accumsan5', 'Mitchell234 Orson5', 196.57, 0, 41.79, 610),
(1221, 'dis23 parturient magnis45', 'Sebastian2 Wyatt345', 2257.88, 0, 66.84, 614),
(1222, 'metus.2 lorem.34 eu In Donec5', 'Zorita34 Dean25', 1795.98, 0, 97.4, 607),
(1223, 'egestas. et ac4 turpis fames netus2 malesuada35', 'Tyrone3 Jennings245', 453.39, 0, 0.63, 617),
(1224, 'auctor mi. Aliquam odio, gravida34 Duis2 mauris risus vitae, ut5', 'Fleming23 Rhona45', 1467.65, 0, 183.88, 617),
(1225, 'sem sollicitudin justo4 egestas, orci3 a2 lectus, urna faucibus5', 'Zimmerman34 Cameron25', 1152.88, 0, 7.91, 619),
(1226, 'mollis24 at, posuere nec, vitae,35', 'Jescie Short2345', 1616.54, 0, 240.62, 609),
(1227, 'ante4 Vestibulum23 ipsum5', 'Alvarado Reed2345', 332.01, 0, 278.54, 614),
(1228, 'augue,4 eu quam. neque3 tempor erat non25', 'Jordan Kane2345', 786.99, 0, 278.41, 605),
(1229, 'ornare Nullam24 egestas3 ligula. Maecenas5', 'Branden Ashley2345', 1394.69, 0, 17.88, 609),
(1230, 'Nam2 dictum diam34 tempor5', 'Chester4 Calhoun235', 1370.36, 0, 566.38, 611),
(1231, 'lobortis Vivamus2 pellentesque ultrices. rhoncus.34 neque massa est. Donec5', 'Solis24 Lilah35', 97.53, 0, 108.62, 620),
(1232, 'ridiculus2 parturient3 montes, magnis4 mus. dis nascetur et penatibus5', 'Mccray234 Linus5', 5687.38, 0, 3.83, 610),
(1233, 'quam.34 erat non tempor2 eu augue, neque5', 'Jordan34 Kane25', 310.9, 0, 23.22, 605),
(1234, 'Nullam ornare24 Maecenas egestas3 ligula.5', 'Branden234 Ashley5', 1036.23, 0, 74.78, 609),
(1235, 'Nam dictum diam tempor2345', 'Chester4 Calhoun235', 1438.51, 0, 295.61, 611),
(1236, 'Vivamus ultrices.2 massa rhoncus. neque est.3 pellentesque Donec lobortis45', 'Solis23 Lilah45', 110.15, 0, 244.59, 620),
(1237, 'parturient4 et penatibus3 dis ridiculus2 mus. magnis nascetur montes,5', 'Mccray2 Linus345', 1210.56, 0, 2.8, 610),
(1238, 'eros3 hendrerit. non24 non porttitor enim tellus commodo Donec5', 'Cynthia23 Schmidt45', 3104.97, 0, 1.62, 616),
(1239, 'adipiscing semper24 Mauris vel3 auctor. Aliquam turpis.5', 'Malik23 Roth45', 227.6, 0, 88.31, 604),
(1240, 'et,3 eros. cursus in, vel,24 malesuada convallis5', 'Perry234 Huffman5', 176.36, 0, 51.36, 611),
(1241, 'Mauris quis2 Nunc34 lectus vestibulum, laoreet massa.5', 'Nelson234 Vladimir5', 4861.28, 0, 18.07, 620),
(1242, 'erat, luctus in amet semper2 sit34 sem nisi vulputate, lectus5', 'Mayer3 Joelle245', 2516.34, 0, 4.29, 607),
(1243, 'senectus2 malesuada Pellentesque3 morbi netus4 et quam. tristique et habitant5', 'Schultz3 Allen245', 3783.37, 0, 46.62, 602),
(1244, 'dolor.3 ipsum Fusce feugiat.4 Lorem25', 'Marshall Alma2345', 644.21, 0, 21.09, 606),
(1245, 'nec magna sem24 ultricies35', 'Madden34 Ulysses25', 2313.33, 0, 39.71, 606),
(1246, 'Ut magna.2 dictum345', 'Clio Talley2345', 1131.75, 0, 26.83, 616),
(1247, 'fringilla aliquet.4 Nulla est.2 malesuada Mauris eu3 turpis.5', 'Vincent234 Carrillo5', 753.22, 0, 141.78, 619),
(1248, 'dolor.2 feugiat. in, Fusce3 euismod45', 'Kylan2 Roman345', 1425.48, 0, 105.81, 604),
(1249, 'non3 nisi.2 eget4 Aenean5', 'Duran34 Brynn25', 1569.89, 0, 23.65, 605),
(1250, 'Nulla interdum. Curabitur4 sem.23 ut, malesuada5', 'Minerva2 Mullen345', 169.82, 0, 303.96, 606),
(1251, 'lacus. velit. augue4 Proin Sed Nulla2 ut3 tincidunt, malesuada5', 'Magee3 Rosales245', 9.86, 0, 29.08, 615),
(1252, 'Cras3 at,2 velit. lorem45', 'Fletcher Shafira2345', 1822.42, 0, 5.42, 601);

-- --------------------------------------------------------

--
-- Estructura de tabla para la tabla `product_product_type`
--

CREATE TABLE `product_product_type` (
  `id_product` bigint NOT NULL,
  `id_product_type` int NOT NULL
) ENGINE=InnoDB DEFAULT CHARSET=utf8mb3;

--
-- Volcado de datos para la tabla `product_product_type`
--

INSERT INTO `product_product_type` (`id_product`, `id_product_type`) VALUES
(56, 1),
(56, 2),
(621, 552),
(621, 561),
(622, 556),
(622, 551),
(622, 560),
(623, 547),
(623, 546),
(623, 556),
(624, 556),
(624, 560),
(624, 550),
(625, 542),
(625, 556),
(625, 560),
(626, 556),
(626, 553),
(627, 553),
(627, 558),
(628, 557),
(628, 548),
(629, 544),
(629, 551),
(630, 547),
(630, 560),
(631, 555),
(631, 544),
(632, 557),
(632, 561),
(633, 556),
(633, 552),
(633, 546),
(634, 548),
(634, 559),
(635, 554),
(636, 544),
(636, 549),
(636, 551),
(637, 557),
(638, 542),
(638, 561),
(639, 548),
(639, 560),
(640, 546),
(640, 550),
(640, 561),
(641, 556),
(642, 549),
(642, 547),
(642, 545),
(643, 543),
(643, 545),
(644, 556),
(644, 548),
(645, 561),
(645, 547),
(646, 555),
(647, 543),
(647, 549),
(648, 559),
(648, 548),
(649, 550),
(650, 544),
(650, 543),
(650, 549),
(651, 544),
(651, 561),
(652, 545),
(652, 553),
(652, 551),
(653, 555),
(653, 553),
(654, 560),
(655, 543),
(655, 546),
(655, 553),
(656, 547),
(656, 561),
(657, 555),
(657, 558),
(657, 551),
(658, 559),
(658, 554),
(659, 556),
(660, 549),
(661, 547),
(661, 561),
(662, 555),
(662, 558),
(662, 551),
(663, 559),
(663, 554),
(664, 556),
(665, 549),
(666, 549),
(667, 552),
(668, 549),
(668, 544),
(669, 550),
(670, 558),
(670, 543),
(670, 561),
(671, 549),
(671, 543),
(672, 559),
(673, 558),
(673, 555),
(674, 558),
(674, 560),
(674, 548),
(675, 560),
(675, 553),
(676, 553),
(676, 559),
(676, 547),
(677, 543),
(677, 542),
(678, 548),
(678, 542),
(679, 552),
(679, 546),
(679, 550),
(680, 553);

-- --------------------------------------------------------

--
-- Estructura de tabla para la tabla `product_type`
--

CREATE TABLE `product_type` (
  `id_product_type` int NOT NULL,
  `description` varchar(500) DEFAULT NULL,
  `name` varchar(50) NOT NULL,
  `version` int DEFAULT NULL
) ENGINE=InnoDB DEFAULT CHARSET=utf8mb3;

--
-- Volcado de datos para la tabla `product_type`
--

INSERT INTO `product_type` (`id_product_type`, `description`, `name`, `version`) VALUES
(1, NULL, 'prod1', 0),
(2, 'producto numero 2', 'prod2', 0),
(3, 'producto numero 3', 'prod3', 0),
(9, 'producto numero 1', 'prod1', 0),
(10, 'tipo producto numero 1', 'prodt1', 0),
(11, 'tipo producto numero 2', 'prodt2', 0),
(12, 'tipo producto numero 3', 'prodt3', 0),
(13, 'tipo producto numero 4', 'prodt4', 0),
(14, 'producto numero 1', 'prod1', 0),
(542, 'Maecenas malesuada fringilla est. Mauris eu turpis. Nulla aliquet.', 'ProdT82', 0),
(543, 'lorem, eget mollis lectus pede et', 'ProdT18', 0),
(544, 'at arcu. Vestibulum ante ipsum primis in faucibus orci luctus', 'ProdT36', 0),
(545, 'Integer aliquam adipiscing lacus.', 'ProdT81', 0),
(546, 'rutrum eu, ultrices sit amet, risus.', 'ProdT13', 0),
(547, 'Duis dignissim tempor arcu. Vestibulum ut eros non enim', 'ProdT20', 0),
(548, 'Donec consectetuer mauris id sapien. Cras', 'ProdT34', 0),
(549, 'in consectetuer ipsum nunc id enim. Curabitur massa. Vestibulum accumsan', 'ProdT65', 0),
(550, 'ac urna. Ut tincidunt vehicula risus. Nulla eget metus', 'ProdT30', 0),
(551, 'orci. Ut sagittis lobortis mauris. Suspendisse aliquet molestie tellus.', 'ProdT48', 0),
(552, 'Donec dignissim magna a tortor. Nunc commodo', 'ProdT17', 0),
(553, 'Duis gravida. Praesent eu nulla at sem molestie sodales. Mauris', 'ProdT87', 0),
(554, 'rutrum, justo. Praesent luctus. Curabitur', 'ProdT41', 0),
(555, 'augue. Sed molestie. Sed id risus quis diam luctus', 'ProdT16', 0),
(556, 'lobortis, nisi nibh lacinia orci, consectetuer euismod', 'ProdT25', 0),
(557, 'Vestibulum ut eros non enim', 'ProdT72', 0),
(558, 'arcu. Aliquam ultrices iaculis odio. Nam interdum enim non', 'ProdT46', 0),
(559, 'risus. In mi pede, nonummy', 'ProdT32', 0),
(560, 'Nulla aliquet. Proin velit. Sed malesuada augue ut lacus.', 'ProdT53', 0),
(561, 'Fusce feugiat. Lorem ipsum dolor sit', 'ProdT77', 0);

-- --------------------------------------------------------

--
-- Estructura de tabla para la tabla `supplier`
--

CREATE TABLE `supplier` (
  `id_supplier` bigint NOT NULL,
  `address` varchar(50) DEFAULT NULL,
  `coord_x` float DEFAULT NULL,
  `coord_y` float DEFAULT NULL,
  `cuit` varchar(13) NOT NULL,
  `name` varchar(50) NOT NULL,
  `qualification` float DEFAULT NULL,
  `version` int DEFAULT NULL,
  `id_supplier_type` bigint NOT NULL
) ENGINE=InnoDB DEFAULT CHARSET=utf8mb3;

--
-- Volcado de datos para la tabla `supplier`
--

INSERT INTO `supplier` (`id_supplier`, `address`, `coord_x`, `coord_y`, `cuit`, `name`, `qualification`, `version`, `id_supplier_type`) VALUES
(29, NULL, 0, 0, '123', 'sup1', 0, 0, 5),
(30, NULL, 0, 0, '123', 'prod1', 0, 0, 5),
(601, 'Ap #764-2753 Felis. Rd.', 47.862, -116.902, '30-95066483-2', 'Sean Henderson', 2.34, 0, 573),
(602, '357-994 Aliquam St.', 72.1845, -159.547, '30-20788443-2', 'Reuben Orr', 6.73, 0, 568),
(603, 'P.O. Box 837, 5309 Eleifend Ave', 85.7402, -65.9089, '30-82143233-8', 'Garth Mendoza', 6.59, 0, 567),
(604, '550-8599 Orci St.', -56.7459, 140.446, '30-46598276-2', 'Melodie Albert', 9.52, 0, 575),
(605, 'Ap #952-5235 Ac Avenue', 14.3287, 64.0611, '30-63826492-1', 'Finn Herring', 1.3, 0, 565),
(606, 'Ap #308-4103 Eros. St.', -74.0192, -158.353, '30-54464581-4', 'Paul Matthews', 7.12, 0, 575),
(607, '122-9760 Lorem, Road', -24.0903, -30.9454, '30-68353438-1', 'Lucius York', 5.23, 0, 575),
(608, 'Ap #254-2362 Eu Avenue', -25.6825, -16.0964, '30-22735452-5', 'Ryan Buck', 5.2, 0, 570),
(609, 'Ap #419-2886 Semper Road', 11.2682, -157.704, '30-82686280-9', 'Illana Webster', 1.34, 0, 565),
(610, '159-4405 Magna Avenue', -19.4846, -89.3396, '30-45209503-3', 'Ella Oneil', 2.42, 0, 571),
(611, 'Ap #764-2753 Felis. Rd.', 47.862, -116.902, '30-95066483-2', 'Sean Henderson', 2.34, 0, 573),
(612, '357-994 Aliquam St.', 72.1845, -159.547, '30-20788443-2', 'Reuben Orr', 6.73, 0, 568),
(613, 'P.O. Box 837, 5309 Eleifend Ave', 85.7402, -65.9089, '30-82143233-8', 'Garth Mendoza', 6.59, 0, 567),
(614, '550-8599 Orci St.', -56.7459, 140.446, '30-46598276-2', 'Melodie Albert', 9.52, 0, 575),
(615, 'Ap #952-5235 Ac Avenue', 14.3287, 64.0611, '30-63826492-1', 'Finn Herring', 1.3, 0, 565),
(616, 'Ap #308-4103 Eros. St.', -74.0192, -158.353, '30-54464581-4', 'Paul Matthews', 7.12, 0, 575),
(617, '122-9760 Lorem, Road', -24.0903, -30.9454, '30-68353438-1', 'Lucius York', 5.23, 0, 575),
(618, 'Ap #254-2362 Eu Avenue', -25.6825, -16.0964, '30-22735452-5', 'Ryan Buck', 5.2, 0, 570),
(619, 'Ap #419-2886 Semper Road', 11.2682, -157.704, '30-82686280-9', 'Illana Webster', 1.34, 0, 565),
(620, '159-4405 Magna Avenue', -19.4846, -89.3396, '30-45209503-3', 'Ella Oneil', 2.42, 0, 571);

-- --------------------------------------------------------

--
-- Estructura de tabla para la tabla `supplier_type`
--

CREATE TABLE `supplier_type` (
  `id_supplier_type` bigint NOT NULL,
  `description` varchar(500) DEFAULT NULL,
  `name` varchar(50) NOT NULL,
  `version` int DEFAULT NULL
) ENGINE=InnoDB DEFAULT CHARSET=utf8mb3;

--
-- Volcado de datos para la tabla `supplier_type`
--

INSERT INTO `supplier_type` (`id_supplier_type`, `description`, `name`, `version`) VALUES
(5, 'tipo proveedor numero 2', 'supt2', 0),
(6, 'tipo proveedor numero 3', 'supt3', 0),
(7, 'tipo proveedor numero 4', 'supt4', 0),
(19, 'tipo proveedor numero 1', 'supt1', 0),
(20, 'tipo proveedor numero 2', 'supt2', 0),
(21, 'tipo proveedor numero 3', 'supt3', 0),
(22, 'tipo proveedor numero 4', 'supt4', 0),
(562, 'Vestibulum ut eros non enim', 'SupT13', 0),
(563, 'arcu. Aliquam ultrices iaculis odio. Nam interdum enim non', 'SupT59', 0),
(564, 'risus. In mi pede, nonummy', 'SupT44', 0),
(565, 'Nulla aliquet. Proin velit. Sed malesuada augue ut lacus.', 'SupT82', 0),
(566, 'Fusce feugiat. Lorem ipsum dolor sit', 'SupT10', 0),
(567, 'lacus, varius et,', 'SupT02', 0),
(568, 'malesuada fringilla est. Mauris eu turpis. Nulla', 'SupT17', 0),
(569, 'lorem semper auctor. Mauris vel turpis. Aliquam adipiscing', 'SupT64', 0),
(570, 'Quisque varius. Nam porttitor scelerisque neque.', 'SupT48', 0),
(571, 'Nullam feugiat placerat velit. Quisque varius. Nam', 'SupT54', 0),
(572, 'nunc. In at pede. Cras vulputate velit eu', 'SupT00', 0),
(573, 'ut, pharetra sed, hendrerit a, arcu. Sed', 'SupT17', 0),
(574, 'ullamcorper. Duis at lacus. Quisque purus sapien, gravida non,', 'SupT65', 0),
(575, 'vitae mauris sit amet lorem semper auctor. Mauris vel', 'SupT18', 0),
(576, 'vulputate, nisi sem semper erat, in consectetuer', 'SupT61', 0);

--
-- Índices para tablas volcadas
--

--
-- Indices de la tabla `address`
--
ALTER TABLE `address`
  ADD PRIMARY KEY (`id_address`),
  ADD KEY `FKh3o13l4287gb6ok1fm7tdo55r` (`id_client`);

--
-- Indices de la tabla `client`
--
ALTER TABLE `client`
  ADD PRIMARY KEY (`id_user`),
  ADD UNIQUE KEY `UK_bfgjs3fem0hmjhvih80158x29` (`email`),
  ADD UNIQUE KEY `UK_ah5c1ribskm746956okm9283n` (`username`);

--
-- Indices de la tabla `delivery_man`
--
ALTER TABLE `delivery_man`
  ADD PRIMARY KEY (`id_user`),
  ADD UNIQUE KEY `UK_ksr9v7bns9ebedqqw2ypjo4ke` (`email`),
  ADD UNIQUE KEY `UK_myvni74mf8r3po1y2xvy35o8r` (`username`);

--
-- Indices de la tabla `historical_product_price`
--
ALTER TABLE `historical_product_price`
  ADD PRIMARY KEY (`id_historical_product_price`),
  ADD KEY `FKdvtv8u4vqhagg6oyevxmitroh` (`id_product`);

--
-- Indices de la tabla `item`
--
ALTER TABLE `item`
  ADD PRIMARY KEY (`id_item`),
  ADD KEY `FKf9b4g1jcujxd4mgfyqt54sys2` (`id_product`),
  ADD KEY `FKlfof4c5wbkfcrq6tjyupt611w` (`id_order`);

--
-- Indices de la tabla `order_`
--
ALTER TABLE `order_`
  ADD PRIMARY KEY (`number`),
  ADD KEY `FKidgpiu7af1ggg176plp56jbst` (`id_address`),
  ADD KEY `FK893mfk474ng7t98usc0iuw1cd` (`id_client`),
  ADD KEY `FKt011u5slj2o8dve8t44bs1lfj` (`id_delivery_man`),
  ADD KEY `FK4m2vq07wvr6xfe86ivdv1yo7k` (`id_supplier`);

--
-- Indices de la tabla `product`
--
ALTER TABLE `product`
  ADD PRIMARY KEY (`id_product`),
  ADD KEY `FK7vecnfptx4ologqg55y3v7mbm` (`id_supplier`);

--
-- Indices de la tabla `product_product_type`
--
ALTER TABLE `product_product_type`
  ADD KEY `FKmywtc2xrs1jtr9yyygpp2bkhs` (`id_product_type`),
  ADD KEY `FKc9vqvgri8m0bfc2nhokjy7qvd` (`id_product`);

--
-- Indices de la tabla `product_type`
--
ALTER TABLE `product_type`
  ADD PRIMARY KEY (`id_product_type`);

--
-- Indices de la tabla `supplier`
--
ALTER TABLE `supplier`
  ADD PRIMARY KEY (`id_supplier`),
  ADD KEY `FKmsfe4qx5ydxqg6d6h8ncs0sc5` (`id_supplier_type`);

--
-- Indices de la tabla `supplier_type`
--
ALTER TABLE `supplier_type`
  ADD PRIMARY KEY (`id_supplier_type`);

--
-- Restricciones para tablas volcadas
--

--
-- Filtros para la tabla `address`
--
ALTER TABLE `address`
  ADD CONSTRAINT `FKh3o13l4287gb6ok1fm7tdo55r` FOREIGN KEY (`id_client`) REFERENCES `client` (`id_user`);

--
-- Filtros para la tabla `historical_product_price`
--
ALTER TABLE `historical_product_price`
  ADD CONSTRAINT `FKdvtv8u4vqhagg6oyevxmitroh` FOREIGN KEY (`id_product`) REFERENCES `product` (`id_product`);

--
-- Filtros para la tabla `item`
--
ALTER TABLE `item`
  ADD CONSTRAINT `FKf9b4g1jcujxd4mgfyqt54sys2` FOREIGN KEY (`id_product`) REFERENCES `product` (`id_product`),
  ADD CONSTRAINT `FKlfof4c5wbkfcrq6tjyupt611w` FOREIGN KEY (`id_order`) REFERENCES `order_` (`number`);

--
-- Filtros para la tabla `order_`
--
ALTER TABLE `order_`
  ADD CONSTRAINT `FK4m2vq07wvr6xfe86ivdv1yo7k` FOREIGN KEY (`id_supplier`) REFERENCES `supplier` (`id_supplier`),
  ADD CONSTRAINT `FK893mfk474ng7t98usc0iuw1cd` FOREIGN KEY (`id_client`) REFERENCES `client` (`id_user`),
  ADD CONSTRAINT `FKidgpiu7af1ggg176plp56jbst` FOREIGN KEY (`id_address`) REFERENCES `address` (`id_address`),
  ADD CONSTRAINT `FKt011u5slj2o8dve8t44bs1lfj` FOREIGN KEY (`id_delivery_man`) REFERENCES `delivery_man` (`id_user`);

--
-- Filtros para la tabla `product`
--
ALTER TABLE `product`
  ADD CONSTRAINT `FK7vecnfptx4ologqg55y3v7mbm` FOREIGN KEY (`id_supplier`) REFERENCES `supplier` (`id_supplier`);

--
-- Filtros para la tabla `product_product_type`
--
ALTER TABLE `product_product_type`
  ADD CONSTRAINT `FKc9vqvgri8m0bfc2nhokjy7qvd` FOREIGN KEY (`id_product`) REFERENCES `product` (`id_product`),
  ADD CONSTRAINT `FKmywtc2xrs1jtr9yyygpp2bkhs` FOREIGN KEY (`id_product_type`) REFERENCES `product_type` (`id_product_type`);

--
-- Filtros para la tabla `supplier`
--
ALTER TABLE `supplier`
  ADD CONSTRAINT `FKmsfe4qx5ydxqg6d6h8ncs0sc5` FOREIGN KEY (`id_supplier_type`) REFERENCES `supplier_type` (`id_supplier_type`);
COMMIT;

/*!40101 SET CHARACTER_SET_CLIENT=@OLD_CHARACTER_SET_CLIENT */;
/*!40101 SET CHARACTER_SET_RESULTS=@OLD_CHARACTER_SET_RESULTS */;
/*!40101 SET COLLATION_CONNECTION=@OLD_COLLATION_CONNECTION */;
